"Pathway Description","MSigDB name","Direction (AD vs Control)","logFC","t","P.Value","adj.P.Val"
"(KEGG) Proteasome","KEGG_PROTEASOME","UP",3.5,13.2,6.49e-08,1.21e-05
"(Reactome) Cross-presentation of soluble exogenous antigens (endosomes)","REACTOME_CROSS_PRESENTATION_OF_SOLUBLE_EXOGENOUS_ANTIGENS_ENDOSOMES","UP",3.5,13.2,6.49e-08,1.21e-05
"(Reactome) Regulation of ornithine decarboxylase (ODC)","REACTOME_REGULATION_OF_ORNITHINE_DECARBOXYLASE_ODC","UP",3.5,13.2,6.49e-08,1.21e-05
"(Reactome) p53-Independent G1/S DNA damage checkpoint","REACTOME_P53_INDEPENDENT_G1_S_DNA_DAMAGE_CHECKPOINT","UP",2.69,11.3,2.91e-07,1.8e-05
"(Reactome) CDK-mediated phosphorylation and removal of Cdc6","REACTOME_CDK_MEDIATED_PHOSPHORYLATION_AND_REMOVAL_OF_CDC6","UP",2.69,11.3,2.91e-07,1.8e-05
"(Reactome) p53-Dependent G1 DNA Damage Response","REACTOME_P53_DEPENDENT_G1_DNA_DAMAGE_RESPONSE","UP",2.69,11.3,2.91e-07,1.8e-05
"(Reactome) CDT1 association with the CDC6:ORC:origin complex","REACTOME_CDT1_ASSOCIATION_WITH_THE_CDC6_ORC_ORIGIN_COMPLEX","UP",2.69,11.3,2.91e-07,1.8e-05
"(Reactome) Autodegradation of the E3 ubiquitin ligase COP1","REACTOME_AUTODEGRADATION_OF_THE_E3_UBIQUITIN_LIGASE_COP1","UP",2.69,11.3,2.91e-07,1.8e-05
"(Reactome) Vif-mediated degradation of APOBEC3G","REACTOME_VIF_MEDIATED_DEGRADATION_OF_APOBEC3G","UP",2.69,11.3,2.91e-07,1.8e-05
"(KEGG) RNA degradation","KEGG_RNA_DEGRADATION","DOWN",-3.04,-10.6,5.58e-07,2.95e-05
"(BioCarta) T Cell Receptor Signaling Pathway","BIOCARTA_TCR_PATHWAY","UP",2.63,10.6,5.82e-07,2.95e-05
"(Reactome) Orc1 removal from chromatin","REACTOME_ORC1_REMOVAL_FROM_CHROMATIN","UP",2.44,10.3,7.68e-07,3.06e-05
"(Reactome) Synthesis of DNA","REACTOME_SYNTHESIS_OF_DNA","UP",2.44,10.3,7.68e-07,3.06e-05
"(Reactome) Assembly of the pre-replicative complex","REACTOME_ASSEMBLY_OF_THE_PRE_REPLICATIVE_COMPLEX","UP",2.44,10.3,7.68e-07,3.06e-05
"(Reactome) Caspase-mediated cleavage of cytoskeletal proteins","REACTOME_CASPASE_MEDIATED_CLEAVAGE_OF_CYTOSKELETAL_PROTEINS","DOWN",-2.68,-9.37,1.85e-06,6.88e-05
"(KEGG) Nucleotide excision repair","KEGG_NUCLEOTIDE_EXCISION_REPAIR","UP",3.05,9.21,2.17e-06,6.9e-05
"(Reactome) M/G1 Transition","REACTOME_M_G1_TRANSITION","UP",2.12,9.14,2.34e-06,6.9e-05
"(Reactome) Antigen processing-Cross presentation","REACTOME_ANTIGEN_PROCESSING_CROSS_PRESENTATION","UP",2.43,9.13,2.36e-06,6.9e-05
"(Reactome) ER-Phagosome pathway","REACTOME_ER_PHAGOSOME_PATHWAY","UP",2.43,9.13,2.36e-06,6.9e-05
"(Signaling Gateway) Genes related to regulation of the actin cytoskeleton","SIG_REGULATION_OF_THE_ACTIN_CYTOSKELETON_BY_RHO_GTPASES","UP",2.47,8.9,3.01e-06,8.39e-05
"(Reactome) SCF-beta-TrCP mediated degradation of Emi1","REACTOME_SCF_BETA_TRCP_MEDIATED_DEGRADATION_OF_EMI1","UP",2.49,8.16,6.79e-06,0.000172
"(Reactome) SCF(Skp2)-mediated degradation of p27/p21","REACTOME_SCFSKP2_MEDIATED_DEGRADATION_OF_P27_P21","UP",2.49,8.16,6.79e-06,0.000172
"(Reactome) Nucleotide Excision Repair","REACTOME_NUCLEOTIDE_EXCISION_REPAIR","UP",2.43,8.1,7.25e-06,0.000176
"(Reactome) S Phase","REACTOME_S_PHASE","UP",2.05,8.01,8.02e-06,0.000186
"(PID) IL12-mediated signaling events","PID_IL12_2PATHWAY","UP",2.35,7.85,9.66e-06,0.000215
"(Reactome) Regulation of Apoptosis","REACTOME_REGULATION_OF_APOPTOSIS","UP",1.94,7.76,1.08e-05,0.000231
"(Reactome) Cyclin E associated events during G1/S transition ","REACTOME_CYCLIN_E_ASSOCIATED_EVENTS_DURING_G1_S_TRANSITION_","UP",2.14,7.48,1.51e-05,0.000312
"(STKE) Wnt/beta-catenin Pathway","ST_WNT_BETA_CATENIN_PATHWAY","DOWN",-2.65,-7.38,1.7e-05,0.000336
"(KEGG) Amyotrophic lateral sclerosis (ALS)","KEGG_AMYOTROPHIC_LATERAL_SCLEROSIS_ALS","UP",3.02,7.36,1.75e-05,0.000336
"(Reactome) APC/C:Cdh1 mediated degradation of Cdc20 and other APC/C:Cdh1 targeted proteins in late mitosis/early G1","REACTOME_APC_C_CDH1_MEDIATED_DEGRADATION_OF_CDC20_AND_OTHER_APC_C_CDH1_TARGETED_PROTEINS_IN_LATE_MITOSIS_EARLY_G1","UP",2.05,7.26,1.98e-05,0.000344
"(Reactome) APC/C:Cdc20 mediated degradation of mitotic proteins","REACTOME_APC_C_CDC20_MEDIATED_DEGRADATION_OF_MITOTIC_PROTEINS","UP",2.05,7.26,1.98e-05,0.000344
"(Reactome) Autodegradation of Cdh1 by Cdh1:APC/C","REACTOME_AUTODEGRADATION_OF_CDH1_BY_CDH1_APC_C","UP",2.05,7.26,1.98e-05,0.000344
"(KEGG) p53 signaling pathway","KEGG_P53_SIGNALING_PATHWAY","UP",1.97,7.15,2.27e-05,0.000383
"(Reactome) Regulation of mitotic cell cycle","REACTOME_REGULATION_OF_MITOTIC_CELL_CYCLE","UP",1.97,7.08,2.46e-05,0.000403
"(BioCarta) Multiple antiapoptotic pathways from IGF-1R signaling lead to BAD phosphorylation","BIOCARTA_IGF1R_PATHWAY","DOWN",-1.75,-7.04,2.59e-05,0.000412
"(STKE) Integrin Signaling Pathway","ST_INTEGRIN_SIGNALING_PATHWAY","UP",2.06,6.87,3.23e-05,5e-04
"(BioCarta) Regulation And Function Of ChREBP in Liver","BIOCARTA_CHREBP2_PATHWAY","DOWN",-1.6,-6.8,3.51e-05,0.000529
"(Reactome) Signaling by FGFR","REACTOME_SIGNALING_BY_FGFR","DOWN",-1.62,-6.69,4.09e-05,0.000599
"(BioCarta) Keratinocyte Differentiation","BIOCARTA_KERATINOCYTE_PATHWAY","UP",2.14,6.66,4.22e-05,0.000602
"(PID) Trk receptor signaling mediated by PI3K and PLC-gamma","PID_PI3K_PLC_TRK_PATHWAY","DOWN",-1.68,-6.49,5.32e-05,0.000741
"(Reactome) Apoptotic cleavage of cellular proteins","REACTOME_APOPTOTIC_CLEAVAGE_OF_CELLULAR_PROTEINS","DOWN",-1.66,-6.45,5.61e-05,0.000763
"(Reactome) Beta-catenin phosphorylation cascade","REACTOME_CTNNB1_PHOSPHORYLATION_CASCADE","DOWN",-2.71,-6.42,5.84e-05,0.000775
"(KEGG) Vasopressin-regulated water reabsorption","KEGG_VASOPRESSIN_REGULATED_WATER_REABSORPTION","UP",1.48,6.29,6.96e-05,0.000897
"(STKE) Granule Cell Survival Pathway is a specific case of more general PAC1 Receptor Pathway.","ST_GRANULE_CELL_SURVIVAL_PATHWAY","UP",1.53,6.27,7.09e-05,0.000897
"(Reactome) Rap1 signalling","REACTOME_RAP1_SIGNALLING","DOWN",-2.36,-6.11,8.93e-05,0.00107
"(Reactome) Cell-cell junction organization","REACTOME_CELL_CELL_JUNCTION_ORGANIZATION","DOWN",-2.68,-6.1,9.05e-05,0.00107
"(KEGG) Dorso-ventral axis formation","KEGG_DORSO_VENTRAL_AXIS_FORMATION","DOWN",-1.78,-6.08,9.26e-05,0.00107
"(Reactome) Host Interactions of HIV factors","REACTOME_HOST_INTERACTIONS_OF_HIV_FACTORS","UP",1.38,6.07,9.31e-05,0.00107
"(Reactome) Signalling to ERKs","REACTOME_SIGNALLING_TO_ERKS","DOWN",-1.58,-6.06,9.54e-05,0.00107
"(Reactome) Cell Cycle Checkpoints","REACTOME_CELL_CYCLE_CHECKPOINTS","UP",1.53,6.05,9.59e-05,0.00107
"(BioCarta) Signaling Pathway from G-Protein Families","BIOCARTA_GPCR_PATHWAY","UP",1.58,5.92,0.000116,0.00126
"(Reactome) Smooth Muscle Contraction","REACTOME_SMOOTH_MUSCLE_CONTRACTION","DOWN",-1.71,-5.87,0.000124,0.00132
"(BioCarta) mCalpain and friends in Cell motility","BIOCARTA_MCALPAIN_PATHWAY","DOWN",-1.44,-5.86,0.000126,0.00132
"(Reactome) Downstream signaling of activated FGFR","REACTOME_DOWNSTREAM_SIGNALING_OF_ACTIVATED_FGFR","DOWN",-1.4,-5.84,0.00013,0.00134
"(PID) ATF-2 transcription factor network","PID_ATF2_PATHWAY","UP",2.72,5.75,0.000146,0.00148
"(KEGG) Parkinson's disease","KEGG_PARKINSONS_DISEASE","DOWN",-1.71,-5.64,0.000172,0.0017
"(PID) BMP receptor signaling","PID_BMP_PATHWAY","DOWN",-2.84,-5.64,0.000174,0.0017
"(PID) TGF-beta receptor signaling","PID_TGFBR_PATHWAY","DOWN",-1.7,-5.56,0.000193,0.00185
"(KEGG) Adipocytokine signaling pathway","KEGG_ADIPOCYTOKINE_SIGNALING_PATHWAY","UP",1.42,5.42,0.000238,0.00224
"(PID) FoxO family signaling","PID_FOXO_PATHWAY","DOWN",-2.16,-5.39,0.000248,0.0023
"(KEGG) SNARE interactions in vesicular transport","KEGG_SNARE_INTERACTIONS_IN_VESICULAR_TRANSPORT","UP",1.45,5.36,0.000258,0.00235
"(BioCarta) CXCR4 Signaling Pathway","BIOCARTA_CXCR4_PATHWAY","DOWN",-1.49,-5.36,0.000261,0.00235
"(Reactome) Netrin-1 signaling","REACTOME_NETRIN1_SIGNALING","DOWN",-1.37,-5.34,0.000267,0.00236
"(Reactome) Mitotic G1-G1/S phases","REACTOME_MITOTIC_G1_G1_S_PHASES","UP",1.51,5.33,0.000272,0.00237
"(PID) Notch signaling pathway","PID_NOTCH_PATHWAY","DOWN",-1.45,-5.3,0.000284,0.00244
"(PID) LKB1 signaling events","PID_LKB1_PATHWAY","DOWN",-1.62,-5.27,0.000296,0.0025
"(Reactome) Signaling by EGFR in Cancer","REACTOME_SIGNALING_BY_EGFR_IN_CANCER","DOWN",-1.26,-5.24,0.000311,0.00257
"(KEGG) Toll-like receptor signaling pathway","KEGG_TOLL_LIKE_RECEPTOR_SIGNALING_PATHWAY","UP",2.04,5.23,0.000316,0.00257
"(Reactome) Signaling by FGFR in disease","REACTOME_SIGNALING_BY_FGFR_IN_DISEASE","DOWN",-1.26,-5.21,0.000326,0.00257
"(Reactome) ARMS-mediated activation","REACTOME_ARMS_MEDIATED_ACTIVATION","DOWN",-1.54,-5.21,0.000327,0.00257
"(Reactome) Prolonged ERK activation events","REACTOME_PROLONGED_ERK_ACTIVATION_EVENTS","DOWN",-1.54,-5.21,0.000327,0.00257
"(PID) Validated targets of C-MYC transcriptional repression","PID_MYC_REPRESS_PATHWAY","DOWN",-1.38,-5.17,0.000347,0.00269
"(BioCarta) Toll-Like Receptor Pathway","BIOCARTA_TOLL_PATHWAY","UP",2.54,5.14,0.00036,0.00273
"(BioCarta) uCalpain and friends in Cell spread","BIOCARTA_UCALPAIN_PATHWAY","DOWN",-2.24,-5.14,0.000363,0.00273
"(Reactome) Amino acid and oligopeptide SLC transporters","REACTOME_AMINO_ACID_AND_OLIGOPEPTIDE_SLC_TRANSPORTERS","UP",2.02,5.11,0.000379,0.00281
"(KEGG) GnRH signaling pathway","KEGG_GNRH_SIGNALING_PATHWAY","UP",1.41,5.07,0.000402,0.00295
"(Reactome) Signaling by constitutively active EGFR","REACTOME_SIGNALING_BY_CONSTITUTIVELY_ACTIVE_EGFR","DOWN",-1.79,-5.02,0.000436,0.00315
"(BioCarta) Regulation of eIF4e and p70 S6 Kinase","BIOCARTA_EIF4_PATHWAY","UP",1.36,4.99,0.000455,0.00325
"(PID) Signaling events mediated by Stem cell factor receptor (c-Kit)","PID_KIT_PATHWAY","DOWN",-1.43,-4.96,0.000475,0.00335
"(KEGG) Renal cell carcinoma","KEGG_RENAL_CELL_CARCINOMA","DOWN",-1.36,-4.93,0.000497,0.00342
"(KEGG) Neurotrophin signaling pathway","KEGG_NEUROTROPHIN_SIGNALING_PATHWAY","DOWN",-1.07,-4.93,0.000497,0.00342
"(KEGG) Epithelial cell signaling in Helicobacter pylori infection","KEGG_EPITHELIAL_CELL_SIGNALING_IN_HELICOBACTER_PYLORI_INFECTION","UP",2.14,4.91,0.000515,0.0035
"(Reactome) G alpha (s) signalling events","REACTOME_G_ALPHA_S_SIGNALLING_EVENTS","UP",1.6,4.9,0.000526,0.00353
"(KEGG) Endometrial cancer","KEGG_ENDOMETRIAL_CANCER","DOWN",-1.6,-4.83,0.000588,0.0039
"(Reactome) Regulation of signaling by CBL","REACTOME_REGULATION_OF_SIGNALING_BY_CBL","DOWN",-1.53,-4.78,0.000629,0.00412
"(Reactome) Cell-Cell communication","REACTOME_CELL_CELL_COMMUNICATION","DOWN",-1.46,-4.75,0.00066,0.00427
"(BioCarta) Stathmin and breast cancer resistance to antimicrotubule agents","BIOCARTA_STATHMIN_PATHWAY","DOWN",-1.11,-4.74,0.000675,0.00432
"(Reactome) Destabilization of mRNA by AUF1 (hnRNP D0)","REACTOME_DESTABILIZATION_OF_MRNA_BY_AUF1_HNRNP_D0","UP",1.7,4.68,0.000736,0.00464
"(PID) EPO signaling pathway","PID_EPO_PATHWAY","DOWN",-1.19,-4.68,0.000743,0.00464
"(Reactome) L1CAM interactions","REACTOME_L1CAM_INTERACTIONS","DOWN",-1.65,-4.67,0.00075,0.00464
"(BioCarta) CCR3 signaling in Eosinophils","BIOCARTA_CCR3_PATHWAY","UP",1.88,4.65,0.000778,0.00472
"(Reactome) PI-3K cascade","REACTOME_PI_3K_CASCADE","DOWN",-1.42,-4.65,0.000779,0.00472
"(KEGG) Pyrimidine metabolism","KEGG_PYRIMIDINE_METABOLISM","DOWN",-1.82,-4.61,0.000829,0.00496
"(Reactome) Signaling by ERBB2","REACTOME_SIGNALING_BY_ERBB2","DOWN",-1.09,-4.59,0.000853,0.00505
"(PID) Lissencephaly gene (LIS1) in neuronal migration and development","PID_LIS1_PATHWAY","DOWN",-2.69,-4.57,0.000877,0.00514
"(BioCarta) Cystic Fibrosis Transmembrane Conductance Regulator And Beta 2 Adrenergic Receptor Pathway","BIOCARTA_CFTR_PATHWAY","DOWN",-1.19,-4.54,0.000923,0.00532
"(PID) Insulin Pathway","PID_INSULIN_PATHWAY","DOWN",-1.44,-4.53,0.000933,0.00532
"(Reactome) CTLA4 inhibitory signaling","REACTOME_CTLA4_INHIBITORY_SIGNALING","DOWN",-2.05,-4.53,0.000935,0.00532
"(BioCarta) Cell to Cell Adhesion Signaling","BIOCARTA_CELL2CELL_PATHWAY","DOWN",-1.97,-4.52,0.000953,0.00536
"(Reactome) HIV Infection","REACTOME_HIV_INFECTION","UP",1.01,4.5,0.000991,0.00552
"(STKE) Tumor Necrosis Factor Pathway.","ST_TUMOR_NECROSIS_FACTOR_PATHWAY","DOWN",-1.31,-4.46,0.00105,0.00576
"(KEGG) Neuroactive ligand-receptor interaction","KEGG_NEUROACTIVE_LIGAND_RECEPTOR_INTERACTION","UP",1.1,4.45,0.00107,0.00584
"(PID) Regulation of Androgen receptor activity","PID_AR_TF_PATHWAY","UP",1.24,4.43,0.00109,0.00592
"(PID) Neurotrophic factor-mediated Trk receptor signaling","PID_TRKR_PATHWAY","DOWN",-1.52,-4.38,0.0012,0.00644
"(PID) p53 pathway","PID_P53_REGULATION_PATHWAY","DOWN",-1.15,-4.37,0.00122,0.00646
"(KEGG) Chronic myeloid leukemia","KEGG_CHRONIC_MYELOID_LEUKEMIA","DOWN",-1.32,-4.36,0.00123,0.00646
"(Reactome) G1/S Transition","REACTOME_G1_S_TRANSITION","UP",1.25,4.3,0.00137,0.00713
"(Reactome) NGF signalling via TRKA from the plasma membrane","REACTOME_NGF_SIGNALLING_VIA_TRKA_FROM_THE_PLASMA_MEMBRANE","DOWN",-0.975,-4.28,0.00141,0.00727
"(BioCarta) Regulation of ck1/cdk5 by type 1 glutamate receptors","BIOCARTA_CK1_PATHWAY","DOWN",-1.14,-4.27,0.00142,0.00727
"(PID) Angiopoietin receptor Tie2-mediated signaling","PID_ANGIOPOIETIN_RECEPTOR_PATHWAY","DOWN",-1.59,-4.23,0.00154,0.00779
"(PID) Signaling events mediated by HDAC Class I","PID_HDAC_CLASSI_PATHWAY","DOWN",-1.01,-4.22,0.00156,0.00782
"(Reactome) Downstream signal transduction","REACTOME_DOWNSTREAM_SIGNAL_TRANSDUCTION","DOWN",-0.928,-4.2,0.0016,0.00795
"(Reactome) Muscle contraction","REACTOME_MUSCLE_CONTRACTION","DOWN",-1.36,-4.18,0.00165,0.00815
"(PID) p38 signaling mediated by MAPKAP kinases","PID_P38_MK2_PATHWAY","DOWN",-1.5,-4.17,0.00168,0.00819
"(Reactome) Negative regulation of FGFR signaling","REACTOME_NEGATIVE_REGULATION_OF_FGFR_SIGNALING","DOWN",-1.95,-4.16,0.00172,0.00832
"(PID) SHP2 signaling","PID_SHP2_PATHWAY","DOWN",-1.1,-4.13,0.00179,0.00851
"(STKE) PI3K Pathway","ST_PHOSPHOINOSITIDE_3_KINASE_PATHWAY","DOWN",-1.38,-4.13,0.0018,0.00851
"(PID) CXCR3-mediated signaling events","PID_CXCR3_PATHWAY","UP",1.6,4.13,0.00181,0.00851
"(PID) RhoA signaling pathway","PID_RHOA_PATHWAY","UP",1.27,4.12,0.00182,0.00851
"(Reactome) Signaling by PDGF","REACTOME_SIGNALING_BY_PDGF","DOWN",-0.911,-4.11,0.00185,0.00859
"(Reactome) Sema4D induced cell migration and growth-cone collapse","REACTOME_SEMA4D_INDUCED_CELL_MIGRATION_AND_GROWTH_CONE_COLLAPSE","DOWN",-1.61,-4.08,0.00194,0.00894
"(PID) Arf1 pathway","PID_ARF_3PATHWAY","DOWN",-1.69,-4.07,0.00199,0.00908
"(Reactome) Antiviral mechanism by IFN-stimulated genes","REACTOME_ANTIVIRAL_MECHANISM_BY_IFN_STIMULATED_GENES","UP",1.38,4.04,0.00208,0.00939
"(PID) Regulation of CDC42 activity","PID_CDC42_REG_PATHWAY","UP",0.994,4.04,0.00209,0.00939
"(Reactome) Interferon Signaling","REACTOME_INTERFERON_SIGNALING","NONE",1.07,3.98,0.00232,0.0103
"(Signaling Gateway) Genes related to the insulin receptor pathway","SIG_INSULIN_RECEPTOR_PATHWAY_IN_CARDIAC_MYOCYTES","NONE",-1.27,-3.95,0.00243,0.0107
"(KEGG) Bladder cancer","KEGG_BLADDER_CANCER","NONE",-1.84,-3.95,0.00243,0.0107
"(Reactome) Nephrin interactions","REACTOME_NEPHRIN_INTERACTIONS","NONE",-2.63,-3.91,0.00258,0.0112
"(BioCarta) Rho cell motility signaling pathway","BIOCARTA_RHO_PATHWAY","NONE",-1.27,-3.9,0.00265,0.0114
"(BioCarta) CARM1 and Regulation of the Estrogen Receptor","BIOCARTA_CARM_ER_PATHWAY","NONE",-1.31,-3.89,0.0027,0.0116
"(BioCarta) Sonic Hedgehog (Shh) Pathway","BIOCARTA_SHH_PATHWAY","NONE",-1.23,-3.88,0.00274,0.0116
"(Reactome) GAB1 signalosome","REACTOME_GAB1_SIGNALOSOME","NONE",-1.16,-3.87,0.00277,0.0117
"(Reactome) NOTCH1 Intracellular Domain Regulates Transcription","REACTOME_NOTCH1_INTRACELLULAR_DOMAIN_REGULATES_TRANSCRIPTION","NONE",-1.82,-3.86,0.00285,0.012
"(Reactome) Nucleotide-binding domain, leucine rich repeat containing receptor (NLR) signaling pathways","REACTOME_NUCLEOTIDE_BINDING_DOMAIN_LEUCINE_RICH_REPEAT_CONTAINING_RECEPTOR_NLR_SIGNALING_PATHWAYS","NONE",1.83,3.84,0.00295,0.0123
"(Reactome) Growth hormone receptor signaling","REACTOME_GROWTH_HORMONE_RECEPTOR_SIGNALING","NONE",1.26,3.78,0.00323,0.0132
"(PID) FGF signaling pathway","PID_FGF_PATHWAY","NONE",-0.958,-3.78,0.00324,0.0132
"(Reactome) Innate Immune System","REACTOME_INNATE_IMMUNE_SYSTEM","NONE",1.24,3.78,0.00326,0.0132
"(Reactome) DNA Repair","REACTOME_DNA_REPAIR","NONE",0.839,3.75,0.0034,0.0137
"(KEGG) Leukocyte transendothelial migration","KEGG_LEUKOCYTE_TRANSENDOTHELIAL_MIGRATION","NONE",-1.35,-3.75,0.00342,0.0137
"(Reactome) Toll Receptor Cascades","REACTOME_TOLL_RECEPTOR_CASCADES","NONE",1.3,3.74,0.00346,0.0137
"(KEGG) Insulin signaling pathway","KEGG_INSULIN_SIGNALING_PATHWAY","NONE",-0.919,-3.74,0.00346,0.0137
"(PID) Alpha-synuclein signaling","PID_ALPHA_SYNUCLEIN_PATHWAY","NONE",-2.02,-3.73,0.00351,0.0138
"(PID) Aurora A signaling","PID_AURORA_A_PATHWAY","NONE",1.35,3.71,0.00366,0.0143
"(Reactome) NCAM signaling for neurite out-growth","REACTOME_NCAM_SIGNALING_FOR_NEURITE_OUT_GROWTH","NONE",-1.22,-3.69,0.00379,0.0146
"(KEGG) PPAR signaling pathway","KEGG_PPAR_SIGNALING_PATHWAY","NONE",-1.57,-3.68,0.00384,0.0146
"(Reactome) TRIF mediated TLR3 signaling","REACTOME_TRIF_MEDIATED_TLR3_SIGNALING","NONE",1.02,3.68,0.00386,0.0146
"(Reactome) Activated TLR4 signalling","REACTOME_ACTIVATED_TLR4_SIGNALLING","NONE",1.02,3.68,0.00386,0.0146
"(Reactome) Sema4D in semaphorin signaling","REACTOME_SEMA4D_IN_SEMAPHORIN_SIGNALING","NONE",-1.37,-3.66,0.00396,0.0149
"(PID) E-cadherin signaling in keratinocytes","PID_ECADHERIN_KERATINOCYTE_PATHWAY","NONE",1.24,3.64,0.00414,0.0155
"(PID) Reelin signaling pathway","PID_REELIN_PATHWAY","NONE",-1.29,-3.63,0.00416,0.0155
"(BioCarta) TPO Signaling Pathway","BIOCARTA_TPO_PATHWAY","NONE",1.46,3.62,0.00428,0.0158
"(PID) Signaling events mediated by HDAC Class III","PID_HDAC_CLASSIII_PATHWAY","NONE",-1.19,-3.61,0.00437,0.016
"(PID) Class I PI3K signaling events mediated by Akt","PID_PI3KCI_AKT_PATHWAY","NONE",-1,-3.59,0.00446,0.0162
"(BioCarta) Transcription Regulation by Methyltransferase of CARM1","BIOCARTA_CARM1_PATHWAY","NONE",-1.03,-3.57,0.00468,0.0168
"(Reactome) Cell junction organization","REACTOME_CELL_JUNCTION_ORGANIZATION","NONE",-1.16,-3.57,0.00468,0.0168
"(PID) Validated targets of C-MYC transcriptional activation","PID_MYC_ACTIV_PATHWAY","NONE",0.846,3.55,0.00482,0.0172
"(Reactome) Antigen processing: Ubiquitination & Proteasome degradation","REACTOME_ANTIGEN_PROCESSING_UBIQUITINATION_PROTEASOME_DEGRADATION","NONE",1.05,3.52,0.00506,0.018
"(PID) Downstream signaling in na&#xef;ve CD8+ T cells","PID_CD8_TCR_DOWNSTREAM_PATHWAY","NONE",1.71,3.51,0.00512,0.018
"(Reactome) Activation of NMDA receptor upon glutamate binding and postsynaptic events","REACTOME_ACTIVATION_OF_NMDA_RECEPTOR_UPON_GLUTAMATE_BINDING_AND_POSTSYNAPTIC_EVENTS","NONE",1.36,3.51,0.00514,0.018
"(PID) Syndecan-3-mediated signaling events","PID_SYNDECAN_3_PATHWAY","NONE",1.63,3.51,0.00516,0.018
"(PID) Insulin-mediated glucose transport","PID_INSULIN_GLUCOSE_PATHWAY","NONE",-0.98,-3.49,0.00536,0.0186
"(Reactome) Interleukin-2 signaling","REACTOME_IL_2_SIGNALING","NONE",-1.12,-3.48,0.00543,0.0186
"(SuperArray) Genes related to Wnt-mediated signal transduction","WNT_SIGNALING","NONE",1.09,3.48,0.00545,0.0186
"(BioCarta) PKC-catalyzed phosphorylation of inhibitory phosphoprotein of myosin phosphatase","BIOCARTA_MYOSIN_PATHWAY","NONE",1.28,3.47,0.00555,0.0188
"(PID) Canonical Wnt signaling pathway","PID_WNT_CANONICAL_PATHWAY","NONE",-1.87,-3.46,0.00558,0.0188
"(Reactome) Biological oxidations","REACTOME_BIOLOGICAL_OXIDATIONS","NONE",1.21,3.46,0.00561,0.0188
"(KEGG) Cell adhesion molecules (CAMs)","KEGG_CELL_ADHESION_MOLECULES_CAMS","NONE",-1.72,-3.43,0.00589,0.0196
"(Reactome) Activation of NF-kappaB in B Cells","REACTOME_ACTIVATION_OF_NF_KAPPAB_IN_B_CELLS","NONE",1.4,3.42,0.00604,0.02
"(Reactome) Signalling by NGF","REACTOME_SIGNALLING_BY_NGF","NONE",-0.718,-3.41,0.00611,0.0201
"(Reactome) Sema3A PAK dependent Axon repulsion","REACTOME_SEMA3A_PAK_DEPENDENT_AXON_REPULSION","NONE",2,3.41,0.00613,0.0201
"(KEGG) Phosphatidylinositol signaling system","KEGG_PHOSPHATIDYLINOSITOL_SIGNALING_SYSTEM","NONE",-1.14,-3.4,0.00625,0.0204
"(Reactome) GABA B receptor activation","REACTOME_GABA_B_RECEPTOR_ACTIVATION","NONE",1.03,3.33,0.00705,0.0227
"(Reactome) GABA receptor activation","REACTOME_GABA_RECEPTOR_ACTIVATION","NONE",1.03,3.33,0.00705,0.0227
"(STKE) ERK1/ERK2 MAPK Pathway","ST_ERK1_ERK2_MAPK_PATHWAY","NONE",-1.53,-3.3,0.00736,0.0235
"(PID) Integrin-linked kinase signaling","PID_ILK_PATHWAY","NONE",0.947,3.3,0.00739,0.0235
"(STKE) JNK MAPK Pathway","ST_JNK_MAPK_PATHWAY","NONE",-1.15,-3.3,0.00744,0.0235
"(Reactome) Signaling by SCF-KIT","REACTOME_SIGNALING_BY_SCF_KIT","NONE",-0.818,-3.29,0.0076,0.0239
"(PID) IL4-mediated signaling events","PID_IL4_2PATHWAY","NONE",0.991,3.28,0.0077,0.024
"(Reactome) Signaling by ERBB4","REACTOME_SIGNALING_BY_ERBB4","NONE",-0.841,-3.28,0.00771,0.024
"(BioCarta) Agrin in Postsynaptic Differentiation","BIOCARTA_AGR_PATHWAY","NONE",1.95,3.23,0.00834,0.0258
"(Reactome) RIG-I/MDA5 mediated induction of IFN-alpha/beta pathways","REACTOME_RIG_I_MDA5_MEDIATED_INDUCTION_OF_IFN_ALPHA_BETA_PATHWAYS","NONE",1.13,3.22,0.00853,0.0262
"(STKE) Differentiation Pathway in PC12 Cells; this is a specific case of PAC1 Receptor Pathway.","ST_DIFFERENTIATION_PATHWAY_IN_PC12_CELLS","NONE",1.12,3.2,0.00886,0.0271
"(Reactome) Interleukin-1 signaling","REACTOME_IL1_SIGNALING","NONE",1.43,3.18,0.00908,0.0276
"(Reactome) Interleukin-3, 5 and GM-CSF signaling","REACTOME_IL_3_5_AND_GM_CSF_SIGNALING","NONE",-0.895,-3.18,0.00912,0.0276
"(BioCarta) EGF Signaling Pathway","BIOCARTA_EGF_PATHWAY","NONE",1.24,3.17,0.00923,0.0278
"(PID) BCR signaling pathway","PID_BCR_5PATHWAY","NONE",0.921,3.17,0.0093,0.0278
"(KEGG) B cell receptor signaling pathway","KEGG_B_CELL_RECEPTOR_SIGNALING_PATHWAY","NONE",1.28,3.17,0.00933,0.0278
"(Reactome) G-protein beta:gamma signalling","REACTOME_G_PROTEIN_BETA_GAMMA_SIGNALLING","NONE",1.33,3.16,0.00942,0.0279
"(BioCarta) PDGF Signaling Pathway","BIOCARTA_PDGF_PATHWAY","NONE",1.1,3.16,0.00951,0.028
"(Reactome) Interactions of Vpr with host cellular proteins","REACTOME_INTERACTIONS_OF_VPR_WITH_HOST_CELLULAR_PROTEINS","NONE",0.972,3.15,0.00963,0.0282
"(PID) Retinoic acid receptors-mediated signaling","PID_RETINOIC_ACID_PATHWAY","NONE",-0.72,-3.14,0.00981,0.0286
"(PID) p75(NTR)-mediated signaling","PID_P75_NTR_PATHWAY","NONE",-0.945,-3.12,0.0102,0.0292
"(Reactome) FRS2-mediated cascade","REACTOME_FRS2_MEDIATED_CASCADE","NONE",-1.78,-3.11,0.0103,0.0292
"(BioCarta) Activation of Csk by cAMP-dependent Protein Kinase Inhibits Signaling through the T Cell Receptor","BIOCARTA_CSK_PATHWAY","NONE",-0.742,-3.11,0.0103,0.0292
"(BioCarta) How Progesterone Initiates Oocyte Membrane","BIOCARTA_MPR_PATHWAY","NONE",-0.742,-3.11,0.0103,0.0292
"(BioCarta) Phospholipase C-epsilon pathway","BIOCARTA_PLCE_PATHWAY","NONE",-0.742,-3.11,0.0103,0.0292
"(BioCarta) Thrombin signaling and protease-activated receptors","BIOCARTA_PAR1_PATHWAY","NONE",1.01,3.11,0.0103,0.0292
"(BioCarta) ALK in cardiac myocytes","BIOCARTA_ALK_PATHWAY","NONE",-1.85,-3.1,0.0105,0.0295
"(Reactome) EGFR downregulation","REACTOME_EGFR_DOWNREGULATION","NONE",-1.24,-3.1,0.0106,0.0295
"(BioCarta) Signaling of Hepatocyte Growth Factor Receptor","BIOCARTA_MET_PATHWAY","NONE",-0.801,-3.1,0.0106,0.0295
"(BioCarta) Effects of calcineurin in Keratinocyte Differentiation","BIOCARTA_CALCINEURIN_PATHWAY","NONE",2.14,3.09,0.0108,0.0298
"(KEGG) Tight junction","KEGG_TIGHT_JUNCTION","NONE",-0.938,-3.07,0.011,0.0305
"(KEGG) Aldosterone-regulated sodium reabsorption","KEGG_ALDOSTERONE_REGULATED_SODIUM_REABSORPTION","NONE",-0.801,-3.04,0.0117,0.0322
"(Reactome) Class I MHC mediated antigen processing & presentation","REACTOME_CLASS_I_MHC_MEDIATED_ANTIGEN_PROCESSING_PRESENTATION","NONE",0.874,3.03,0.0119,0.0325
"(BioCarta) Phosphoinositides and their downstream targets.","BIOCARTA_PTDINS_PATHWAY","NONE",0.9,3.01,0.0124,0.0336
"(PID) Notch-mediated HES/HEY network","PID_HES_HEY_PATHWAY","NONE",-1.08,-3,0.0125,0.0337
"(BioCarta) Inhibition of Cellular Proliferation by Gleevec","BIOCARTA_GLEEVEC_PATHWAY","NONE",0.925,2.97,0.0132,0.0355
"(PID) p73 transcription factor network","PID_P73PATHWAY","NONE",-1.56,-2.92,0.0143,0.0383
"(Reactome) Signaling by Robo receptor","REACTOME_SIGNALING_BY_ROBO_RECEPTOR","NONE",0.986,2.91,0.0147,0.0391
"(PID) Regulation of retinoblastoma protein","PID_RB_1PATHWAY","NONE",1.95,2.87,0.0157,0.0415
"(KEGG) Glycerophospholipid metabolism","KEGG_GLYCEROPHOSPHOLIPID_METABOLISM","NONE",-1.67,-2.86,0.016,0.0421
"(Reactome) Insulin receptor signalling cascade","REACTOME_INSULIN_RECEPTOR_SIGNALLING_CASCADE","NONE",-0.74,-2.84,0.0165,0.0432
"(Reactome) Signaling by Insulin receptor","REACTOME_SIGNALING_BY_INSULIN_RECEPTOR","NONE",-0.74,-2.84,0.0165,0.0432
"(KEGG) Adherens junction","KEGG_ADHERENS_JUNCTION","NONE",-0.871,-2.83,0.0169,0.0439
"(Reactome) mRNA Splicing - Minor Pathway","REACTOME_MRNA_SPLICING_MINOR_PATHWAY","NONE",-0.752,-2.79,0.0182,0.0472
"(Reactome) MHC class II antigen presentation","REACTOME_MHC_CLASS_II_ANTIGEN_PRESENTATION","NONE",0.73,2.78,0.0184,0.0473
"(PID) E2F transcription factor network","PID_E2F_PATHWAY","NONE",-1.66,-2.78,0.0184,0.0473
"(PID) Signaling events mediated by TCPTP","PID_TCPTP_PATHWAY","NONE",-0.934,-2.77,0.0186,0.0474
"(Reactome) Interferon gamma signaling","REACTOME_INTERFERON_GAMMA_SIGNALING","NONE",0.991,2.77,0.0186,0.0474
"(KEGG) Non-small cell lung cancer","KEGG_NON_SMALL_CELL_LUNG_CANCER","NONE",-0.974,-2.77,0.0187,0.0474
"(KEGG) Pathways in cancer","KEGG_PATHWAYS_IN_CANCER","NONE",-0.599,-2.76,0.0191,0.0483
"(Reactome) PKA-mediated phosphorylation of CREB","REACTOME_PKA_MEDIATED_PHOSPHORYLATION_OF_CREB","NONE",-0.64,-2.74,0.0197,0.0495
"(Reactome) PI3K events in ERBB2 signaling","REACTOME_PI3K_EVENTS_IN_ERBB2_SIGNALING","NONE",-0.914,-2.73,0.0203,0.0507
"(Naba) Ensemble of genes encoding extracellular matrix and extracellular matrix-associated proteins ","NABA_MATRISOME","NONE",-0.745,-2.72,0.0204,0.0507
"(Reactome) Factors involved in megakaryocyte development and platelet production","REACTOME_FACTORS_INVOLVED_IN_MEGAKARYOCYTE_DEVELOPMENT_AND_PLATELET_PRODUCTION","NONE",0.825,2.72,0.0205,0.0507
"(Reactome) Signaling by FGFR mutants","REACTOME_SIGNALING_BY_FGFR_MUTANTS","NONE",-0.859,-2.71,0.0209,0.0515
"(Reactome) Negative regulators of RIG-I/MDA5 signaling","REACTOME_NEGATIVE_REGULATORS_OF_RIG_I_MDA5_SIGNALING","NONE",1.12,2.68,0.0219,0.0538
"(BioCarta) WNT Signaling Pathway","BIOCARTA_WNT_PATHWAY","NONE",-1.41,-2.66,0.0229,0.0559
"(PID) a6b1 and a6b4 Integrin signaling","PID_A6B1_A6B4_INTEGRIN_PATHWAY","NONE",-0.733,-2.66,0.023,0.0559
"(PID) AP-1 transcription factor network","PID_AP1_PATHWAY","NONE",1.94,2.63,0.0238,0.0577
"(PID) IL2 signaling events mediated by STAT5","PID_IL2_STAT5_PATHWAY","NONE",1.76,2.61,0.0248,0.0598
"(KEGG) Apoptosis","KEGG_APOPTOSIS","NONE",0.673,2.61,0.0251,0.0603
"(PID) IL1-mediated signaling events","PID_IL1_PATHWAY","NONE",1.24,2.56,0.027,0.0645
"(KEGG) Oocyte meiosis","KEGG_OOCYTE_MEIOSIS","NONE",-0.632,-2.56,0.0274,0.0653
"(Reactome) Ca-dependent events","REACTOME_CA_DEPENDENT_EVENTS","NONE",-0.607,-2.55,0.0278,0.0659
"(Reactome) Signaling by Rho GTPases","REACTOME_SIGNALING_BY_RHO_GTPASES","NONE",-0.645,-2.54,0.028,0.066
"(Reactome) Downregulation of SMAD2/3:SMAD4 transcriptional activity","REACTOME_DOWNREGULATION_OF_SMAD2_3_SMAD4_TRANSCRIPTIONAL_ACTIVITY","NONE",-0.753,-2.52,0.029,0.0682
"(Reactome) Peptide chain elongation","REACTOME_PEPTIDE_CHAIN_ELONGATION","NONE",0.657,2.51,0.0296,0.0693
"(KEGG) Lysosome","KEGG_LYSOSOME","NONE",-1.19,-2.51,0.0299,0.0696
"(KEGG) Glioma","KEGG_GLIOMA","NONE",-0.881,-2.5,0.0303,0.0703
"(Reactome) Signaling by NOTCH1","REACTOME_SIGNALING_BY_NOTCH1","NONE",-1.29,-2.49,0.0307,0.071
"(Reactome) DAG and IP3 signaling","REACTOME_DAG_AND_IP3_SIGNALING","NONE",-0.658,-2.48,0.0312,0.0719
"(Reactome) Potassium Channels","REACTOME_POTASSIUM_CHANNELS","NONE",-1.31,-2.46,0.0326,0.0748
"(PID) TCR signaling in na&#xef;ve CD4+ T cells","PID_TCR_PATHWAY","NONE",-0.596,-2.4,0.0363,0.0828
"(Reactome) GRB2 events in ERBB2 signaling","REACTOME_GRB2_EVENTS_IN_ERBB2_SIGNALING","NONE",-0.872,-2.37,0.0378,0.086
"(Reactome) Signaling by FGFR1 mutants","REACTOME_SIGNALING_BY_FGFR1_MUTANTS","NONE",1,2.37,0.0382,0.0865
"(PID) C-MYB transcription factor network","PID_CMYB_PATHWAY","NONE",-1.34,-2.36,0.0387,0.0873
"(Reactome) Membrane Trafficking","REACTOME_MEMBRANE_TRAFFICKING","NONE",-0.793,-2.36,0.0389,0.0874
"(KEGG) RIG-I-like receptor signaling pathway","KEGG_RIG_I_LIKE_RECEPTOR_SIGNALING_PATHWAY","NONE",1.37,2.33,0.0403,0.0902
"(Naba) Ensemble of genes encoding core extracellular matrix including ECM glycoproteins, collagens and proteoglycans","NABA_CORE_MATRISOME","NONE",-1.33,-2.33,0.0406,0.0905
"(PID) Role of Calcineurin-dependent NFAT signaling in lymphocytes","PID_NFAT_3PATHWAY","NONE",-0.75,-2.32,0.0416,0.0923
"(Reactome) Cytokine Signaling in Immune system","REACTOME_CYTOKINE_SIGNALING_IN_IMMUNE_SYSTEM","NONE",0.498,2.31,0.0424,0.0937
"(BioCarta) Protein Kinase A at the Centrosome","BIOCARTA_AKAPCENTROSOME_PATHWAY","NONE",-0.745,-2.3,0.0431,0.0949
"(Reactome) Nonsense Mediated Decay Enhanced by the Exon Junction Complex","REACTOME_NONSENSE_MEDIATED_DECAY_ENHANCED_BY_THE_EXON_JUNCTION_COMPLEX","NONE",0.74,2.29,0.0438,0.0961
"(BioCarta) Bioactive Peptide Induced Signaling Pathway","BIOCARTA_BIOPEPTIDES_PATHWAY","NONE",-0.751,-2.28,0.0446,0.0974
"(KEGG) Hypertrophic cardiomyopathy (HCM)","KEGG_HYPERTROPHIC_CARDIOMYOPATHY_HCM","NONE",0.599,2.25,0.0466,0.101
"(PID) CDC42 signaling events","PID_CDC42_PATHWAY","NONE",0.729,2.24,0.0473,0.102
"(PID) TCR signaling in na&#xef;ve CD8+ T cells","PID_CD8_TCR_PATHWAY","NONE",-0.665,-2.22,0.0492,0.106
"(KEGG) Acute myeloid leukemia","KEGG_ACUTE_MYELOID_LEUKEMIA","NONE",-0.848,-2.21,0.05,0.107
"(PID) PAR1-mediated thrombin signaling events","PID_THROMBIN_PAR1_PATHWAY","NONE",0.827,2.21,0.0501,0.107
"(KEGG) Chemokine signaling pathway","KEGG_CHEMOKINE_SIGNALING_PATHWAY","NONE",-0.489,-2.18,0.0526,0.112
"(PID) Fc-epsilon receptor I signaling in mast cells","PID_FCER1_PATHWAY","NONE",0.458,2.16,0.0543,0.115
"(PID) Regulation of Ras family activation","PID_RAS_PATHWAY","NONE",0.943,2.15,0.0551,0.117
"(Reactome) Diabetes pathways","REACTOME_DIABETES_PATHWAYS","NONE",-0.765,-2.15,0.0556,0.117
"(Reactome) Immune System","REACTOME_IMMUNE_SYSTEM","NONE",0.495,2.15,0.0559,0.118
"(PID) mTOR signaling pathway","PID_MTOR_4PATHWAY","NONE",-0.51,-2.13,0.0576,0.121
"(KEGG) mTOR signaling pathway","KEGG_MTOR_SIGNALING_PATHWAY","NONE",-0.652,-2.12,0.059,0.123
"(Reactome) Signaling by Hippo","REACTOME_SIGNALING_BY_HIPPO","NONE",-0.969,-2.11,0.0591,0.123
"(Reactome) Axon guidance","REACTOME_AXON_GUIDANCE","NONE",-0.563,-2.1,0.0608,0.126
"(Reactome) Circadian Clock","REACTOME_CIRCADIAN_CLOCK","NONE",-1.07,-2.1,0.061,0.126
"(PID) IL2 signaling events mediated by PI3K","PID_IL2_PI3K_PATHWAY","NONE",-0.728,-2.09,0.0617,0.127
"(Reactome) TCR signaling","REACTOME_TCR_SIGNALING","NONE",0.892,2.08,0.0628,0.128
"(KEGG) Arrhythmogenic right ventricular cardiomyopathy (ARVC)","KEGG_ARRHYTHMOGENIC_RIGHT_VENTRICULAR_CARDIOMYOPATHY_ARVC","NONE",-0.894,-2.08,0.0629,0.128
"(Reactome) PIP3 activates AKT signaling","REACTOME_PIP3_ACTIVATES_AKT_SIGNALING","NONE",-0.722,-2.07,0.0634,0.129
"(PID) Regulation of Telomerase","PID_TELOMERASE_PATHWAY","NONE",0.697,2.07,0.0635,0.129
"(PID) RAC1 signaling pathway","PID_RAC1_PATHWAY","NONE",0.644,2.04,0.0672,0.135
"(KEGG) Natural killer cell mediated cytotoxicity","KEGG_NATURAL_KILLER_CELL_MEDIATED_CYTOTOXICITY","NONE",-0.581,-2.03,0.0677,0.135
"(PID) Regulation of nuclear beta catenin signaling and target gene transcription","PID_BETA_CATENIN_NUC_PATHWAY","NONE",-0.723,-2.03,0.0681,0.135
"(Reactome) Late Phase of HIV Life Cycle","REACTOME_LATE_PHASE_OF_HIV_LIFE_CYCLE","NONE",0.502,2.03,0.0683,0.135
"(KEGG) Fc epsilon RI signaling pathway","KEGG_FC_EPSILON_RI_SIGNALING_PATHWAY","NONE",0.573,2.03,0.0684,0.135
"(PID) Degradation of beta catenin","PID_BETA_CATENIN_DEG_PATHWAY","NONE",-1.02,-2.03,0.0684,0.135
"(Reactome) Deadenylation-dependent mRNA decay","REACTOME_DEADENYLATION_DEPENDENT_MRNA_DECAY","NONE",-1.08,-2.03,0.0687,0.135
"(Reactome) Apoptotic execution  phase","REACTOME_APOPTOTIC_EXECUTION_PHASE","NONE",-0.55,-2.03,0.0687,0.135
"(Reactome) Glucose transport","REACTOME_GLUCOSE_TRANSPORT","NONE",0.692,2.01,0.0708,0.137
"(Reactome) NEP/NS2 Interacts with the Cellular Export Machinery","REACTOME_NEP_NS2_INTERACTS_WITH_THE_CELLULAR_EXPORT_MACHINERY","NONE",0.692,2.01,0.0708,0.137
"(Reactome) Transport of Ribonucleoproteins into the Host Nucleus","REACTOME_TRANSPORT_OF_RIBONUCLEOPROTEINS_INTO_THE_HOST_NUCLEUS","NONE",0.692,2.01,0.0708,0.137
"(Reactome) Regulation of Glucokinase by Glucokinase Regulatory Protein","REACTOME_REGULATION_OF_GLUCOKINASE_BY_GLUCOKINASE_REGULATORY_PROTEIN","NONE",0.692,2.01,0.0708,0.137
"(PID) Signaling events mediated by HDAC Class II","PID_HDAC_CLASSII_PATHWAY","NONE",-0.771,-2,0.0721,0.139
"(Naba) Ensemble of genes encoding ECM-associated proteins including ECM-affilaited proteins, ECM regulators and secreted factors","NABA_MATRISOME_ASSOCIATED","NONE",-0.5,-1.99,0.0733,0.141
"(Reactome) Mitotic Prometaphase","REACTOME_MITOTIC_PROMETAPHASE","NONE",-0.636,-1.98,0.074,0.142
"(PID) PDGFR-beta signaling pathway","PID_PDGFRB_PATHWAY","NONE",-0.514,-1.97,0.0748,0.143
"(PID) FAS (CD95) signaling pathway","PID_FAS_PATHWAY","NONE",0.717,1.97,0.075,0.143
"(KEGG) Notch signaling pathway","KEGG_NOTCH_SIGNALING_PATHWAY","NONE",-1.11,-1.97,0.0754,0.143
"(PID) Arf6 signaling events","PID_ARF6_PATHWAY","NONE",0.74,1.96,0.0773,0.146
"(Reactome) Trafficking of AMPA receptors","REACTOME_TRAFFICKING_OF_AMPA_RECEPTORS","NONE",-0.64,-1.95,0.0779,0.147
"(Reactome) MAP kinase activation in TLR cascade","REACTOME_MAP_KINASE_ACTIVATION_IN_TLR_CASCADE","NONE",0.754,1.95,0.0785,0.148
"(Reactome) Transport of Mature Transcript to Cytoplasm","REACTOME_TRANSPORT_OF_MATURE_TRANSCRIPT_TO_CYTOPLASM","NONE",0.429,1.94,0.0792,0.148
"(PID) ErbB1 downstream signaling","PID_ERBB1_DOWNSTREAM_PATHWAY","NONE",-0.517,-1.93,0.0807,0.151
"(PID) IL8- and CXCR2-mediated signaling events","PID_IL8_CXCR2_PATHWAY","NONE",0.732,1.91,0.0828,0.154
"(KEGG) Alzheimer's disease","KEGG_ALZHEIMERS_DISEASE","NONE",0.665,1.91,0.0834,0.155
"(Reactome) p75 NTR receptor-mediated signalling","REACTOME_P75_NTR_RECEPTOR_MEDIATED_SIGNALLING","NONE",-0.451,-1.91,0.0838,0.155
"(KEGG) NOD-like receptor signaling pathway","KEGG_NOD_LIKE_RECEPTOR_SIGNALING_PATHWAY","NONE",0.657,1.9,0.0842,0.155
"(PID) IGF1 pathway","PID_IGF1_PATHWAY","NONE",-0.601,-1.9,0.0843,0.155
"(Reactome) Developmental Biology","REACTOME_DEVELOPMENTAL_BIOLOGY","NONE",-0.468,-1.89,0.0863,0.158
"(Reactome) Unfolded Protein Response","REACTOME_UNFOLDED_PROTEIN_RESPONSE","NONE",-0.596,-1.89,0.0865,0.158
"(KEGG) Ubiquitin mediated proteolysis","KEGG_UBIQUITIN_MEDIATED_PROTEOLYSIS","NONE",-0.499,-1.87,0.0892,0.162
"(PID) ATM pathway","PID_ATM_PATHWAY","NONE",-0.686,-1.86,0.0908,0.165
"(Reactome) Deposition of New CENPA-containing Nucleosomes at the Centromere","REACTOME_DEPOSITION_OF_NEW_CENPA_CONTAINING_NUCLEOSOMES_AT_THE_CENTROMERE","NONE",0.459,1.85,0.0918,0.166
"(Reactome) trans-Golgi Network Vesicle Budding","REACTOME_TRANS_GOLGI_NETWORK_VESICLE_BUDDING","NONE",-0.688,-1.84,0.0934,0.168
"(Reactome) Fatty acid, triacylglycerol, and ketone body metabolism","REACTOME_FATTY_ACID_TRIACYLGLYCEROL_AND_KETONE_BODY_METABOLISM","NONE",-0.597,-1.84,0.0946,0.17
"(Reactome) Translation","REACTOME_TRANSLATION","NONE",0.612,1.82,0.0975,0.174
"(PID) Signaling events mediated by PTP1B","PID_PTP1B_PATHWAY","NONE",-0.721,-1.82,0.0976,0.174
"(KEGG) Vascular smooth muscle contraction","KEGG_VASCULAR_SMOOTH_MUSCLE_CONTRACTION","NONE",-0.475,-1.81,0.0982,0.175
"(Reactome) G alpha (z) signalling events","REACTOME_G_ALPHA_Z_SIGNALLING_EVENTS","NONE",0.7,1.81,0.0993,0.176
"(KEGG) Fc gamma R-mediated phagocytosis","KEGG_FC_GAMMA_R_MEDIATED_PHAGOCYTOSIS","NONE",-0.614,-1.81,0.0993,0.176
"(Reactome) Cell Cycle, Mitotic","REACTOME_CELL_CYCLE_MITOTIC","NONE",0.416,1.79,0.102,0.179
"(Signaling Gateway) Genes related to PIP3 signaling in cardiac myocytes","SIG_PIP3_SIGNALING_IN_CARDIAC_MYOCTES","NONE",-0.568,-1.78,0.103,0.181
"(Reactome) mRNA Splicing","REACTOME_MRNA_SPLICING","NONE",-0.432,-1.75,0.109,0.189
"(Reactome) Aquaporin-mediated transport","REACTOME_AQUAPORIN_MEDIATED_TRANSPORT","NONE",0.449,1.75,0.109,0.189
"(Reactome) Regulation of Water Balance by Renal Aquaporins","REACTOME_REGULATION_OF_WATER_BALANCE_BY_RENAL_AQUAPORINS","NONE",0.449,1.75,0.109,0.189
"(KEGG) Peroxisome","KEGG_PEROXISOME","NONE",0.729,1.73,0.112,0.195
"(PID) Nongenotropic Androgen signaling","PID_AR_NONGENOMIC_PATHWAY","NONE",0.677,1.73,0.112,0.195
"(KEGG) Dilated cardiomyopathy","KEGG_DILATED_CARDIOMYOPATHY","NONE",0.417,1.73,0.113,0.195
"(Reactome) Cell Cycle","REACTOME_CELL_CYCLE","NONE",0.38,1.73,0.113,0.195
"(Reactome) HIV Life Cycle","REACTOME_HIV_LIFE_CYCLE","NONE",0.416,1.72,0.114,0.196
"(KEGG) T cell receptor signaling pathway","KEGG_T_CELL_RECEPTOR_SIGNALING_PATHWAY","NONE",0.604,1.72,0.115,0.196
"(Reactome) Meiosis","REACTOME_MEIOSIS","NONE",0.6,1.71,0.116,0.197
"(Reactome) Meiotic Synapsis","REACTOME_MEIOTIC_SYNAPSIS","NONE",0.6,1.71,0.116,0.197
"(Reactome) Phospholipase C-mediated cascade","REACTOME_PHOSPHOLIPASE_C_MEDIATED_CASCADE","NONE",-0.604,-1.7,0.118,0.2
"(BioCarta) Attenuation of GPCR Signaling","BIOCARTA_AGPCR_PATHWAY","NONE",-0.416,-1.69,0.12,0.202
"(PID) Signaling events mediated by Hepatocyte Growth Factor Receptor (c-Met)","PID_MET_PATHWAY","NONE",-0.537,-1.69,0.12,0.203
"(Reactome) Opioid Signalling","REACTOME_OPIOID_SIGNALLING","NONE",0.413,1.68,0.123,0.206
"(KEGG) MAPK signaling pathway","KEGG_MAPK_SIGNALING_PATHWAY","NONE",0.363,1.67,0.123,0.206
"(PID) Glucocorticoid receptor regulatory network","PID_REG_GR_PATHWAY","NONE",0.36,1.67,0.124,0.206
"(PID) EGF receptor (ErbB1) signaling pathway","PID_ERBB1_RECEPTOR_PROXIMAL_PATHWAY","NONE",-0.659,-1.67,0.125,0.206
"(PID) Signaling events mediated by focal adhesion kinase","PID_FAK_PATHWAY","NONE",0.402,1.66,0.125,0.206
"(Reactome) Mitotic M-M/G1 phases","REACTOME_MITOTIC_M_M_G1_PHASES","NONE",0.442,1.66,0.126,0.206
"(Reactome) DNA Replication","REACTOME_DNA_REPLICATION","NONE",0.442,1.66,0.126,0.206
"(PID) Internalization of ErbB1","PID_ERBB1_INTERNALIZATION_PATHWAY","NONE",-0.425,-1.66,0.126,0.206
"(Signaling Gateway) Genes related to chemotaxis","SIG_CHEMOTAXIS","NONE",0.487,1.66,0.126,0.206
"(Reactome) Metabolism of amino acids and derivatives","REACTOME_METABOLISM_OF_AMINO_ACIDS_AND_DERIVATIVES","NONE",0.46,1.65,0.127,0.206
"(Reactome) SRP-dependent cotranslational protein targeting to membrane","REACTOME_SRP_DEPENDENT_COTRANSLATIONAL_PROTEIN_TARGETING_TO_MEMBRANE","NONE",0.444,1.65,0.127,0.206
"(Reactome) TRAF6 mediated induction of NFkB and MAP kinases upon TLR7/8 or 9 activation","REACTOME_TRAF6_MEDIATED_INDUCTION_OF_NFKB_AND_MAP_KINASES_UPON_TLR7_8_OR_9_ACTIVATION","NONE",0.543,1.65,0.128,0.206
"(Reactome) NFkB and MAP kinases activation mediated by TLR4 signaling repertoire","REACTOME_NFKB_AND_MAP_KINASES_ACTIVATION_MEDIATED_BY_TLR4_SIGNALING_REPERTOIRE","NONE",0.543,1.65,0.128,0.206
"(Reactome) MyD88:Mal cascade initiated on plasma membrane","REACTOME_MYD88_MAL_CASCADE_INITIATED_ON_PLASMA_MEMBRANE","NONE",0.543,1.65,0.128,0.206
"(PID) IL6-mediated signaling events","PID_IL6_7_PATHWAY","NONE",0.585,1.63,0.132,0.211
"(Reactome) Metabolism of proteins","REACTOME_METABOLISM_OF_PROTEINS","NONE",0.407,1.63,0.132,0.211
"(Reactome) Cell death signalling via NRAGE, NRIF and NADE","REACTOME_CELL_DEATH_SIGNALLING_VIA_NRAGE_NRIF_AND_NADE","NONE",-0.428,-1.63,0.133,0.213
"(PID) Stabilization and expansion of the E-cadherin adherens junction","PID_ECADHERIN_STABILIZATION_PATHWAY","NONE",0.52,1.63,0.133,0.213
"(Reactome) Gluconeogenesis","REACTOME_GLUCONEOGENESIS","NONE",0.675,1.62,0.134,0.213
"(Reactome) Telomere Maintenance","REACTOME_TELOMERE_MAINTENANCE","NONE",-0.591,-1.62,0.135,0.214
"(Reactome) Antigen Activates B Cell Receptor Leading to Generation of Second Messengers","REACTOME_ANTIGEN_ACTIVATES_B_CELL_RECEPTOR_LEADING_TO_GENERATION_OF_SECOND_MESSENGERS","NONE",-0.639,-1.62,0.135,0.214
"(Reactome) Downstream Signaling Events Of B Cell Receptor (BCR)","REACTOME_DOWNSTREAM_SIGNALING_EVENTS_OF_B_CELL_RECEPTOR_BCR","NONE",0.603,1.61,0.138,0.217
"(Reactome) Neuronal System","REACTOME_NEURONAL_SYSTEM","NONE",-0.439,-1.58,0.143,0.225
"(KEGG) Long-term potentiation","KEGG_LONG_TERM_POTENTIATION","NONE",0.545,1.57,0.145,0.227
"(Reactome) Nuclear signaling by ERBB4","REACTOME_NUCLEAR_SIGNALING_BY_ERBB4","NONE",-0.601,-1.57,0.147,0.229
"(KEGG) Antigen processing and presentation","KEGG_ANTIGEN_PROCESSING_AND_PRESENTATION","NONE",0.807,1.56,0.147,0.229
"(PID) ErbB4 signaling events","PID_ERBB4_PATHWAY","NONE",-0.648,-1.56,0.147,0.229
"(BioCarta) IL-2 Receptor Beta Chain in T cell Activation","BIOCARTA_IL2RB_PATHWAY","NONE",-0.512,-1.55,0.151,0.235
"(PID) Syndecan-2-mediated signaling events","PID_SYNDECAN_2_PATHWAY","NONE",0.566,1.54,0.153,0.236
"(KEGG) VEGF signaling pathway","KEGG_VEGF_SIGNALING_PATHWAY","NONE",-0.465,-1.52,0.157,0.241
"(PID) Regulation of RhoA activity","PID_RHOA_REG_PATHWAY","NONE",-0.619,-1.52,0.157,0.241
"(BioCarta) Nitric Oxide Signaling Pathway","BIOCARTA_NOS1_PATHWAY","NONE",0.371,1.52,0.158,0.241
"(PID) Validated nuclear estrogen receptor alpha network","PID_ERA_GENOMIC_PATHWAY","NONE",0.487,1.52,0.158,0.241
"(BioCarta) Integrin Signaling Pathway","BIOCARTA_INTEGRIN_PATHWAY","NONE",-0.376,-1.52,0.159,0.242
"(KEGG) Inositol phosphate metabolism","KEGG_INOSITOL_PHOSPHATE_METABOLISM","NONE",-0.499,-1.5,0.163,0.248
"(BioCarta) Repression of Pain Sensation by the Transcriptional Regulator DREAM","BIOCARTA_DREAM_PATHWAY","NONE",-0.487,-1.5,0.163,0.248
"(KEGG) Spliceosome","KEGG_SPLICEOSOME","NONE",-0.348,-1.49,0.166,0.251
"(PID) Netrin-mediated signaling events","PID_NETRIN_PATHWAY","NONE",0.381,1.48,0.167,0.252
"(PID) IFN-gamma pathway","PID_IFNG_PATHWAY","NONE",-0.44,-1.48,0.168,0.253
"(KEGG) Ribosome","KEGG_RIBOSOME","NONE",0.377,1.47,0.169,0.254
"(PID) Ceramide signaling pathway","PID_CERAMIDE_PATHWAY","NONE",-0.742,-1.47,0.17,0.255
"(BioCarta) Actions of Nitric Oxide in the Heart","BIOCARTA_NO1_PATHWAY","NONE",-0.562,-1.46,0.173,0.258
"(PID) Signaling mediated by p38-alpha and p38-beta","PID_P38_ALPHA_BETA_DOWNSTREAM_PATHWAY","NONE",1.3,1.46,0.174,0.26
"(BioCarta) Apoptotic Signaling in Response to DNA Damage","BIOCARTA_CHEMICAL_PATHWAY","NONE",-0.652,-1.45,0.175,0.26
"(Reactome) Transmembrane transport of small molecules","REACTOME_TRANSMEMBRANE_TRANSPORT_OF_SMALL_MOLECULES","NONE",0.365,1.45,0.176,0.261
"(Reactome) SLC-mediated transmembrane transport","REACTOME_SLC_MEDIATED_TRANSMEMBRANE_TRANSPORT","NONE",0.451,1.45,0.177,0.261
"(PID) IL2-mediated signaling events","PID_IL2_1PATHWAY","NONE",0.351,1.44,0.179,0.264
"(KEGG) Prion diseases","KEGG_PRION_DISEASES","NONE",-0.506,-1.43,0.181,0.266
"(Reactome) Protein folding","REACTOME_PROTEIN_FOLDING","NONE",-0.499,-1.42,0.184,0.269
"(Reactome) Endosomal Sorting Complex Required For Transport (ESCRT)","REACTOME_ENDOSOMAL_SORTING_COMPLEX_REQUIRED_FOR_TRANSPORT_ESCRT","NONE",-0.428,-1.41,0.186,0.272
"(PID) ErbB2/ErbB3 signaling events","PID_ERBB2_ERBB3_PATHWAY","NONE",0.379,1.38,0.195,0.284
"(Reactome) Signaling by NOTCH","REACTOME_SIGNALING_BY_NOTCH","NONE",-0.593,-1.38,0.197,0.286
"(Reactome) RNA Polymerase I, RNA Polymerase III, and Mitochondrial Transcription","REACTOME_RNA_POL_I_RNA_POL_III_AND_MITOCHONDRIAL_TRANSCRIPTION","NONE",-0.355,-1.37,0.198,0.286
"(PID) Arf6 trafficking events","PID_ARF6_TRAFFICKING_PATHWAY","NONE",-0.858,-1.37,0.198,0.286
"(Reactome) Loss of Nlp from mitotic centrosomes","REACTOME_LOSS_OF_NLP_FROM_MITOTIC_CENTROSOMES","NONE",0.399,1.37,0.199,0.287
"(Reactome) Recruitment of mitotic centrosome proteins and complexes","REACTOME_RECRUITMENT_OF_MITOTIC_CENTROSOME_PROTEINS_AND_COMPLEXES","NONE",0.371,1.37,0.2,0.288
"(Reactome) Costimulation by the CD28 family","REACTOME_COSTIMULATION_BY_THE_CD28_FAMILY","NONE",-0.478,-1.37,0.2,0.288
"(Reactome) Elongation arrest and recovery","REACTOME_ELONGATION_ARREST_AND_RECOVERY","NONE",0.691,1.35,0.204,0.291
"(PID) N-cadherin signaling events","PID_NCADHERIN_PATHWAY","NONE",0.582,1.35,0.204,0.291
"(KEGG) Focal adhesion","KEGG_FOCAL_ADHESION","NONE",0.297,1.35,0.205,0.291
"(PID) Posttranslational regulation of adherens junction stability and dissassembly","PID_AJDISS_2PATHWAY","NONE",-0.802,-1.35,0.205,0.291
"(Reactome) Generic Transcription Pathway","REACTOME_GENERIC_TRANSCRIPTION_PATHWAY","NONE",-0.538,-1.35,0.206,0.291
"(Reactome) Activation of Chaperone Genes by XBP1(S)","REACTOME_ACTIVATION_OF_CHAPERONE_GENES_BY_XBP1S","NONE",-0.527,-1.35,0.206,0.291
"(KEGG) Thyroid cancer","KEGG_THYROID_CANCER","NONE",-0.686,-1.31,0.216,0.305
"(PID) Hedgehog signaling events mediated by Gli proteins","PID_HEDGEHOG_GLI_PATHWAY","NONE",-0.469,-1.31,0.217,0.305
"(Reactome) PLC beta mediated events","REACTOME_PLC_BETA_MEDIATED_EVENTS","NONE",-0.367,-1.31,0.218,0.305
"(Reactome) Inhibition of Insulin Secretion by Adrenaline/Noradrenaline","REACTOME_INHIBITION_OF_INSULIN_SECRETION_BY_ADRENALINE_NORADRENALINE","NONE",0.558,1.31,0.218,0.305
"(Reactome) 3' -UTR-mediated translational regulation","REACTOME_3_UTR_MEDIATED_TRANSLATIONAL_REGULATION","NONE",0.476,1.31,0.219,0.305
"(Reactome) G alpha (12/13) signalling events","REACTOME_G_ALPHA1213_SIGNALLING_EVENTS","NONE",0.328,1.31,0.219,0.305
"(STKE) G alpha 13 Pathway","ST_GA13_PATHWAY","NONE",0.57,1.3,0.221,0.306
"(Reactome) Processing of Capped Intron-Containing Pre-mRNA","REACTOME_PROCESSING_OF_CAPPED_INTRON_CONTAINING_PRE_MRNA","NONE",-0.294,-1.3,0.222,0.308
"(Reactome) GPCR ligand binding","REACTOME_GPCR_LIGAND_BINDING","NONE",0.563,1.29,0.224,0.309
"(Reactome) RNA Polymerase II Transcription Pre-Initiation And Promoter Opening","REACTOME_RNA_POL_II_TRANSCRIPTION_PRE_INITIATION_AND_PROMOTER_OPENING","NONE",-0.503,-1.28,0.228,0.314
"(PID) LPA receptor mediated events","PID_LYSOPHOSPHOLIPID_PATHWAY","NONE",-0.325,-1.27,0.23,0.317
"(Reactome) Abortive elongation of HIV-1 transcript in the absence of Tat","REACTOME_ABORTIVE_ELONGATION_OF_HIV1_TRANSCRIPT_IN_THE_ABSENCE_OF_TAT","NONE",0.738,1.26,0.236,0.324
"(Reactome) Signaling by FGFR1 fusion mutants","REACTOME_SIGNALING_BY_FGFR1_FUSION_MUTANTS","NONE",0.503,1.23,0.244,0.334
"(Reactome) Formation of RNA Pol II elongation complex ","REACTOME_FORMATION_OF_RNA_POL_II_ELONGATION_COMPLEX_","NONE",0.54,1.23,0.245,0.334
"(KEGG) Axon guidance","KEGG_AXON_GUIDANCE","NONE",0.325,1.22,0.248,0.338
"(PID) Syndecan-4-mediated signaling events","PID_SYNDECAN_4_PATHWAY","NONE",0.644,1.21,0.251,0.341
"(Reactome) Mitotic G2-G2/M phases","REACTOME_MITOTIC_G2_G2_M_PHASES","NONE",0.322,1.2,0.255,0.346
"(Reactome) Glycerophospholipid biosynthesis","REACTOME_GLYCEROPHOSPHOLIPID_BIOSYNTHESIS","NONE",-0.44,-1.2,0.257,0.347
"(PID) Nectin adhesion pathway","PID_NECTIN_PATHWAY","NONE",-0.418,-1.2,0.257,0.347
"(BioCarta) Role of MEF2D in T-cell Apoptosis","BIOCARTA_MEF2D_PATHWAY","NONE",0.387,1.18,0.265,0.356
"(Reactome) Golgi Associated Vesicle Biogenesis","REACTOME_GOLGI_ASSOCIATED_VESICLE_BIOGENESIS","NONE",-0.435,-1.17,0.268,0.36
"(Reactome) Signal attenuation","REACTOME_SIGNAL_ATTENUATION","NONE",-0.379,-1.16,0.27,0.361
"(BioCarta) FAS signaling pathway ( CD95 )","BIOCARTA_FAS_PATHWAY","NONE",0.349,1.16,0.272,0.363
"(KEGG) Purine metabolism","KEGG_PURINE_METABOLISM","NONE",0.399,1.14,0.279,0.372
"(PID) p38 MAPK signaling pathway","PID_P38_MKK3_6PATHWAY","NONE",0.484,1.14,0.28,0.372
"(Reactome) Formation of the HIV-1 Early Elongation Complex","REACTOME_FORMATION_OF_THE_HIV1_EARLY_ELONGATION_COMPLEX","NONE",0.553,1.13,0.285,0.378
"(Reactome) Integrin cell surface interactions","REACTOME_INTEGRIN_CELL_SURFACE_INTERACTIONS","NONE",0.464,1.12,0.286,0.378
"(PID) Caspase cascade in apoptosis","PID_CASPASE_PATHWAY","NONE",-0.49,-1.12,0.289,0.381
"(PID) CXCR4-mediated signaling events","PID_CXCR4_PATHWAY","NONE",-0.272,-1.11,0.291,0.383
"(Reactome) RNA Polymerase II Pre-transcription Events","REACTOME_RNA_POL_II_PRE_TRANSCRIPTION_EVENTS","NONE",0.44,1.1,0.298,0.391
"(Reactome) Signaling by Wnt","REACTOME_SIGNALING_BY_WNT","NONE",0.327,1.07,0.307,0.401
"(BioCarta) Angiotensin II mediated activation of JNK Pathway via Pyk2 dependent signaling","BIOCARTA_AT1R_PATHWAY","NONE",0.358,1.07,0.308,0.401
"(Reactome) Influenza Life Cycle","REACTOME_INFLUENZA_LIFE_CYCLE","NONE",0.257,1.07,0.308,0.401
"(Reactome) mRNA Processing","REACTOME_MRNA_PROCESSING","NONE",-0.241,-1.05,0.316,0.412
"(PID) Endothelins","PID_ENDOTHELIN_PATHWAY","NONE",0.334,1.05,0.317,0.412
"(Reactome) Transport of inorganic cations/anions and amino acids/oligopeptides","REACTOME_TRANSPORT_OF_INORGANIC_CATIONS_ANIONS_AND_AMINO_ACIDS_OLIGOPEPTIDES","NONE",0.345,1.04,0.323,0.418
"(PID) Aurora B signaling","PID_AURORA_B_PATHWAY","NONE",0.492,1.04,0.323,0.418
"(PID) GMCSF-mediated signaling events","PID_GMCSF_PATHWAY","NONE",-0.321,-1.03,0.325,0.42
"(Reactome) Downstream TCR signaling","REACTOME_DOWNSTREAM_TCR_SIGNALING","NONE",-0.707,-1.01,0.337,0.433
"(PID) HIF-1-alpha transcription factor network","PID_HIF1_TFPATHWAY","NONE",0.288,1,0.339,0.435
"(PID) Signaling events regulated by Ret tyrosine kinase","PID_RET_PATHWAY","NONE",-0.277,-0.993,0.343,0.439
"(BioCarta) TNFR1 Signaling Pathway","BIOCARTA_TNFR1_PATHWAY","NONE",0.294,0.988,0.345,0.439
"(Reactome) Mitochondrial Protein Import","REACTOME_MITOCHONDRIAL_PROTEIN_IMPORT","NONE",-0.366,-0.987,0.346,0.439
"(Reactome) Influenza Viral RNA Transcription and Replication","REACTOME_INFLUENZA_VIRAL_RNA_TRANSCRIPTION_AND_REPLICATION","NONE",0.24,0.984,0.347,0.439
"(KEGG) Viral myocarditis","KEGG_VIRAL_MYOCARDITIS","NONE",-0.316,-0.981,0.348,0.439
"(PID) Presenilin action in Notch and Wnt signaling","PID_PS1_PATHWAY","NONE",-0.445,-0.978,0.35,0.439
"(Reactome) Transcriptional activity of SMAD2/SMAD3:SMAD4 heterotrimer","REACTOME_TRANSCRIPTIONAL_ACTIVITY_OF_SMAD2_SMAD3_SMAD4_HETEROTRIMER","NONE",-0.418,-0.978,0.35,0.439
"(Reactome) Apoptosis","REACTOME_APOPTOSIS","NONE",0.231,0.977,0.35,0.439
"(Naba) Genes encoding proteins affiliated structurally or functionally to extracellular matrix proteins","NABA_ECM_AFFILIATED","NONE",-0.366,-0.977,0.35,0.439
"(PID) Plasma membrane estrogen receptor signaling","PID_ER_NONGENOMIC_PATHWAY","NONE",0.426,0.977,0.35,0.439
"(Reactome) Semaphorin interactions","REACTOME_SEMAPHORIN_INTERACTIONS","NONE",-0.423,-0.975,0.351,0.439
"(Reactome) Signaling by the B Cell Receptor (BCR)","REACTOME_SIGNALING_BY_THE_B_CELL_RECEPTOR_BCR","NONE",0.308,0.967,0.355,0.443
"(Reactome) Hemostasis","REACTOME_HEMOSTASIS","NONE",0.261,0.962,0.357,0.445
"(Reactome) G alpha (i) signalling events","REACTOME_G_ALPHA_I_SIGNALLING_EVENTS","NONE",0.297,0.939,0.368,0.458
"(KEGG) Colorectal cancer","KEGG_COLORECTAL_CANCER","NONE",-0.38,-0.923,0.377,0.467
"(Reactome) Synthesis of PIPs at the Golgi membrane","REACTOME_SYNTHESIS_OF_PIPS_AT_THE_GOLGI_MEMBRANE","NONE",0.317,0.922,0.377,0.467
"(PID) Direct p53 effectors","PID_P53_DOWNSTREAM_PATHWAY","NONE",-0.267,-0.9,0.388,0.479
"(Reactome) Neurotransmitter Receptor Binding And Downstream Transmission In The  Postsynaptic Cell","REACTOME_NEUROTRANSMITTER_RECEPTOR_BINDING_AND_DOWNSTREAM_TRANSMISSION_IN_THE_POSTSYNAPTIC_CELL","NONE",0.262,0.889,0.394,0.485
"(KEGG) Regulation of actin cytoskeleton","KEGG_REGULATION_OF_ACTIN_CYTOSKELETON","NONE",-0.217,-0.882,0.397,0.488
"(BioCarta) Neuropeptides VIP and PACAP inhibit the apoptosis of activated T cells","BIOCARTA_VIP_PATHWAY","NONE",0.203,0.876,0.401,0.491
"(Reactome) PI3K events in ERBB4 signaling","REACTOME_PI3K_EVENTS_IN_ERBB4_SIGNALING","NONE",-0.302,-0.868,0.404,0.495
"(Reactome) Activation of the mRNA upon binding of the cap-binding complex and eIFs, and subsequent binding to 43S","REACTOME_ACTIVATION_OF_THE_MRNA_UPON_BINDING_OF_THE_CAP_BINDING_COMPLEX_AND_EIFS_AND_SUBSEQUENT_BINDING_TO_43S","NONE",0.48,0.864,0.407,0.497
"(KEGG) Gap junction","KEGG_GAP_JUNCTION","NONE",-0.265,-0.86,0.409,0.498
"(KEGG) ErbB signaling pathway","KEGG_ERBB_SIGNALING_PATHWAY","NONE",-0.187,-0.853,0.412,0.502
"(PID) Alpha4 beta1 integrin signaling events","PID_INTEGRIN_A4B1_PATHWAY","NONE",-0.397,-0.848,0.415,0.504
"(BioCarta) Downregulated of MTA-3 in ER-negative Breast Tumors","BIOCARTA_MTA3_PATHWAY","NONE",-0.266,-0.84,0.42,0.508
"(BioCarta) Transcription factor CREB and its extracellular signals","BIOCARTA_CREB_PATHWAY","NONE",-0.219,-0.83,0.425,0.513
"(PID) Regulation of nuclear SMAD2/3 signaling","PID_SMAD2_3NUCLEAR_PATHWAY","NONE",-0.454,-0.827,0.427,0.514
"(Reactome) Metabolism of non-coding RNA","REACTOME_METABOLISM_OF_NON_CODING_RNA","NONE",0.223,0.787,0.449,0.54
"(BioCarta) p38 MAPK Signaling Pathway","BIOCARTA_P38MAPK_PATHWAY","NONE",-0.271,-0.767,0.46,0.552
"(KEGG) Pathogenic Escherichia coli infection","KEGG_PATHOGENIC_ESCHERICHIA_COLI_INFECTION","NONE",-0.184,-0.737,0.477,0.572
"(Reactome) Signaling by TGF-beta Receptor Complex","REACTOME_SIGNALING_BY_TGF_BETA_RECEPTOR_COMPLEX","NONE",-0.292,-0.724,0.485,0.578
"(Reactome) Transport of glucose and other sugars, bile salts and organic acids, metal ions and amine compounds","REACTOME_TRANSPORT_OF_GLUCOSE_AND_OTHER_SUGARS_BILE_SALTS_AND_ORGANIC_ACIDS_METAL_IONS_AND_AMINE_COMPOUNDS","NONE",0.476,0.724,0.485,0.578
"(Reactome) Glucose metabolism","REACTOME_GLUCOSE_METABOLISM","NONE",0.27,0.707,0.495,0.588
"(Reactome) Phospholipid metabolism","REACTOME_PHOSPHOLIPID_METABOLISM","NONE",-0.209,-0.707,0.495,0.588
"(KEGG) Progesterone-mediated oocyte maturation","KEGG_PROGESTERONE_MEDIATED_OOCYTE_MATURATION","NONE",0.341,0.698,0.5,0.592
"(STKE) p38 MAPK Pathway","ST_P38_MAPK_PATHWAY","NONE",0.176,0.698,0.5,0.592
"(PID) TNF receptor signaling pathway","PID_TNF_PATHWAY","NONE",-0.47,-0.689,0.506,0.597
"(Reactome) Glycolysis","REACTOME_GLYCOLYSIS","NONE",0.292,0.676,0.514,0.605
"(PID) Thromboxane A2 receptor signaling","PID_TXA2PATHWAY","NONE",0.299,0.664,0.521,0.612
"(Reactome) Metabolism of lipids and lipoproteins","REACTOME_METABOLISM_OF_LIPIDS_AND_LIPOPROTEINS","NONE",-0.164,-0.655,0.526,0.616
"(Reactome) mRNA 3'-end processing","REACTOME_MRNA_3_END_PROCESSING","NONE",-0.149,-0.653,0.527,0.616
"(Reactome) Cleavage of Growing Transcript in the Termination Region ","REACTOME_CLEAVAGE_OF_GROWING_TRANSCRIPT_IN_THE_TERMINATION_REGION_","NONE",-0.149,-0.653,0.527,0.616
"(PID) Integrins in angiogenesis","PID_AVB3_INTEGRIN_PATHWAY","NONE",-0.202,-0.639,0.537,0.625
"(Reactome) Transport of Mature mRNA Derived from an Intronless Transcript","REACTOME_TRANSPORT_OF_MATURE_MRNA_DERIVED_FROM_AN_INTRONLESS_TRANSCRIPT","NONE",0.273,0.627,0.544,0.632
"(BioCarta) NFAT and Hypertrophy of the heart (Transcription in the broken heart)","BIOCARTA_NFAT_PATHWAY","NONE",0.189,0.624,0.546,0.633
"(BioCarta) HIV-I Nef: negative effector of Fas and TNF","BIOCARTA_HIVNEF_PATHWAY","NONE",0.224,0.611,0.554,0.642
"(Reactome) Sphingolipid metabolism","REACTOME_SPHINGOLIPID_METABOLISM","NONE",-0.307,-0.597,0.563,0.65
"(KEGG) Melanoma","KEGG_MELANOMA","NONE",-0.39,-0.592,0.566,0.653
"(Reactome) Glucagon signaling in metabolic regulation","REACTOME_GLUCAGON_SIGNALING_IN_METABOLIC_REGULATION","NONE",0.144,0.583,0.572,0.658
"(KEGG) Melanogenesis","KEGG_MELANOGENESIS","NONE",0.146,0.577,0.576,0.662
"(PID) Signaling events mediated by VEGFR1 and VEGFR2","PID_VEGFR1_2_PATHWAY","NONE",0.191,0.568,0.582,0.667
"(PID) EPHB forward signaling","PID_EPHB_FWD_PATHWAY","NONE",0.139,0.553,0.592,0.677
"(Reactome) Signaling by Interleukins","REACTOME_SIGNALING_BY_ILS","NONE",-0.14,-0.551,0.593,0.677
"(PID) FOXA1 transcription factor network","PID_HNF3A_PATHWAY","NONE",0.402,0.543,0.598,0.682
"(Reactome) GPCR downstream signaling","REACTOME_GPCR_DOWNSTREAM_SIGNALING","NONE",0.152,0.536,0.603,0.685
"(Reactome) PI3K Cascade","REACTOME_PI3K_CASCADE","NONE",-0.15,-0.529,0.607,0.689
"(Reactome) Platelet homeostasis","REACTOME_PLATELET_HOMEOSTASIS","NONE",0.201,0.528,0.609,0.689
"(Reactome) PI3K/AKT activation","REACTOME_PI3K_AKT_ACTIVATION","NONE",-0.179,-0.508,0.622,0.703
"(PID) E-cadherin signaling in the nascent adherens junction","PID_ECADHERIN_NASCENT_AJ_PATHWAY","NONE",-0.127,-0.455,0.658,0.742
"(Reactome) Metabolism of vitamins and cofactors","REACTOME_METABOLISM_OF_VITAMINS_AND_COFACTORS","NONE",0.229,0.448,0.663,0.746
"(Reactome) Signal transduction by L1","REACTOME_SIGNAL_TRANSDUCTION_BY_L1","NONE",-0.297,-0.427,0.678,0.762
"(Reactome) Chromosome Maintenance","REACTOME_CHROMOSOME_MAINTENANCE","NONE",0.124,0.415,0.686,0.768
"(BioCarta) Presenilin action in Notch and Wnt signaling","BIOCARTA_PS1_PATHWAY","NONE",-0.29,-0.413,0.688,0.768
"(Reactome) NRAGE signals death through JNK","REACTOME_NRAGE_SIGNALS_DEATH_THROUGH_JNK","NONE",-0.119,-0.413,0.688,0.768
"(STKE) G alpha i Pathway","ST_G_ALPHA_I_PATHWAY","NONE",0.122,0.409,0.691,0.77
"(BioCarta) Endocytotic role of NDK, Phosphins and Dynamin","BIOCARTA_NDKDYNAMIN_PATHWAY","NONE",-0.19,-0.4,0.697,0.775
"(Reactome) PKB-mediated events","REACTOME_PKB_MEDIATED_EVENTS","NONE",0.121,0.389,0.705,0.78
"(Reactome) Sphingolipid de novo biosynthesis","REACTOME_SPHINGOLIPID_DE_NOVO_BIOSYNTHESIS","NONE",-0.234,-0.388,0.706,0.78
"(KEGG) Jak-STAT signaling pathway","KEGG_JAK_STAT_SIGNALING_PATHWAY","NONE",-0.149,-0.388,0.706,0.78
"(KEGG) Cytokine-cytokine receptor interaction","KEGG_CYTOKINE_CYTOKINE_RECEPTOR_INTERACTION","NONE",-0.129,-0.384,0.708,0.78
"(KEGG) Leishmania infection","KEGG_LEISHMANIA_INFECTION","NONE",0.199,0.384,0.709,0.78
"(KEGG) Huntington's disease","KEGG_HUNTINGTONS_DISEASE","NONE",0.106,0.38,0.712,0.782
"(KEGG) Vibrio cholerae infection","KEGG_VIBRIO_CHOLERAE_INFECTION","NONE",-0.0992,-0.376,0.714,0.783
"(BioCarta) Mechanism of Gene Regulation by Peroxisome Proliferators via PPARa(alpha)","BIOCARTA_PPARA_PATHWAY","NONE",0.0938,0.373,0.717,0.783
"(KEGG) Long-term depression","KEGG_LONG_TERM_DEPRESSION","NONE",0.178,0.372,0.717,0.783
"(KEGG) Prostate cancer","KEGG_PROSTATE_CANCER","NONE",-0.0855,-0.369,0.719,0.784
"(STKE) Fas Signaling Pathway","ST_FAS_SIGNALING_PATHWAY","NONE",-0.126,-0.359,0.727,0.791
"(Reactome) Cell surface interactions at the vascular wall","REACTOME_CELL_SURFACE_INTERACTIONS_AT_THE_VASCULAR_WALL","NONE",-0.176,-0.351,0.733,0.796
"(Reactome) Response to elevated platelet cytosolic Ca2+","REACTOME_RESPONSE_TO_ELEVATED_PLATELET_CYTOSOLIC_CA2_","NONE",0.148,0.344,0.738,0.798
"(PID) IL3-mediated signaling events","PID_IL3_PATHWAY","NONE",0.0941,0.343,0.738,0.798
"(BioCarta) mTOR Signaling Pathway","BIOCARTA_MTOR_PATHWAY","NONE",0.137,0.337,0.743,0.802
"(KEGG) Endocytosis","KEGG_ENDOCYTOSIS","NONE",0.0751,0.332,0.747,0.804
"(BioCarta) MAPKinase Signaling Pathway","BIOCARTA_MAPK_PATHWAY","NONE",0.0877,0.331,0.747,0.804
"(Reactome) Regulation of mRNA Stability by Proteins that Bind AU-rich Elements","REACTOME_REGULATION_OF_MRNA_STABILITY_BY_PROTEINS_THAT_BIND_AU_RICH_ELEMENTS","NONE",-0.0898,-0.314,0.76,0.815
"(PID) Coregulation of Androgen receptor activity","PID_AR_PATHWAY","NONE",-0.0708,-0.31,0.762,0.816
"(PID) Signaling mediated by p38-gamma and p38-delta","PID_P38_GAMMA_DELTA_PATHWAY","NONE",0.09,0.293,0.775,0.829
"(PID) Regulation of RAC1 activity","PID_RAC1_REG_PATHWAY","NONE",0.0785,0.286,0.78,0.832
"(Reactome) Regulation of Insulin Secretion by Glucagon-like Peptide-1","REACTOME_REGULATION_OF_INSULIN_SECRETION_BY_GLUCAGON_LIKE_PEPTIDE1","NONE",0.0827,0.282,0.783,0.832
"(BioCarta) Links between Pyk2 and Map Kinases","BIOCARTA_PYK2_PATHWAY","NONE",0.0803,0.281,0.784,0.832
"(KEGG) Cell cycle","KEGG_CELL_CYCLE","NONE",-0.0808,-0.28,0.785,0.832
"(Reactome) Metabolism of nucleotides","REACTOME_METABOLISM_OF_NUCLEOTIDES","NONE",-0.107,-0.277,0.787,0.833
"(BioCarta) Erk1/Erk2 Mapk Signaling pathway","BIOCARTA_ERK_PATHWAY","NONE",0.126,0.272,0.791,0.836
"(KEGG) Calcium signaling pathway","KEGG_CALCIUM_SIGNALING_PATHWAY","NONE",-0.0727,-0.27,0.792,0.836
"(Reactome) G alpha (q) signalling events","REACTOME_G_ALPHA_Q_SIGNALLING_EVENTS","NONE",0.196,0.264,0.797,0.839
"(Reactome) Metabolism of carbohydrates","REACTOME_METABOLISM_OF_CARBOHYDRATES","NONE",0.0672,0.225,0.826,0.868
"(PID) PDGFR-alpha signaling pathway","PID_PDGFRA_PATHWAY","NONE",0.0682,0.205,0.841,0.883
"(Reactome) Regulation of Insulin Secretion","REACTOME_REGULATION_OF_INSULIN_SECRETION","NONE",0.0572,0.198,0.847,0.885
"(Reactome) DARPP-32 events","REACTOME_DARPP_32_EVENTS","NONE",-0.0532,-0.198,0.847,0.885
"(Reactome) PI Metabolism","REACTOME_PI_METABOLISM","NONE",0.0621,0.19,0.853,0.889
"(STKE) T Cell Signal Transduction","ST_T_CELL_SIGNAL_TRANSDUCTION","NONE",0.0569,0.189,0.853,0.889
"(Reactome) Gastrin-CREB signalling pathway via PKC and MAPK","REACTOME_GASTRIN_CREB_SIGNALLING_PATHWAY_VIA_PKC_AND_MAPK","NONE",-0.1,-0.182,0.859,0.893
"(Reactome) RNA Polymerase II Transcription","REACTOME_RNA_POL_II_TRANSCRIPTION","NONE",0.0391,0.176,0.864,0.896
"(KEGG) Pancreatic cancer","KEGG_PANCREATIC_CANCER","NONE",-0.0658,-0.172,0.867,0.896
"(KEGG) TGF-beta signaling pathway","KEGG_TGF_BETA_SIGNALING_PATHWAY","NONE",-0.105,-0.169,0.869,0.896
"(KEGG) Wnt signaling pathway","KEGG_WNT_SIGNALING_PATHWAY","NONE",0.0507,0.167,0.87,0.896
"(PID) C-MYC pathway","PID_MYC_PATHWAY","NONE",0.0536,0.167,0.871,0.896
"(Reactome) Transcription","REACTOME_TRANSCRIPTION","NONE",-0.0368,-0.163,0.873,0.898
"(Reactome) Integration of energy metabolism","REACTOME_INTEGRATION_OF_ENERGY_METABOLISM","NONE",-0.0435,-0.149,0.885,0.907
"(Reactome) Adaptive Immune System","REACTOME_ADAPTIVE_IMMUNE_SYSTEM","NONE",0.0348,0.141,0.89,0.912
"(PID) JNK signaling in the CD4+ TCR pathway","PID_TCR_JNK_PATHWAY","NONE",-0.0648,-0.118,0.908,0.926
"(PID) Ephrin B reverse signaling","PID_EPHRINB_REV_PATHWAY","NONE",0.0341,0.117,0.909,0.926
"(Reactome) Formation of the ternary complex, and subsequently, the 43S complex","REACTOME_FORMATION_OF_THE_TERNARY_COMPLEX_AND_SUBSEQUENTLY_THE_43S_COMPLEX","NONE",0.057,0.116,0.91,0.926
"(Reactome) mTORC1-mediated signalling","REACTOME_MTORC1_MEDIATED_SIGNALLING","NONE",0.0554,0.0925,0.928,0.942
"(Reactome) Transmission across Chemical Synapses","REACTOME_TRANSMISSION_ACROSS_CHEMICAL_SYNAPSES","NONE",-0.0251,-0.0921,0.928,0.942
"(KEGG) Glycolysis / Gluconeogenesis","KEGG_GLYCOLYSIS_GLUCONEOGENESIS","NONE",-0.0221,-0.0838,0.935,0.947
"(Reactome) Signaling by GPCR","REACTOME_SIGNALING_BY_GPCR","NONE",0.0181,0.0671,0.948,0.958
"(Reactome) Metabolism of mRNA","REACTOME_METABOLISM_OF_MRNA","NONE",-0.0212,-0.0644,0.95,0.958
"(PID) IL8- and CXCR1-mediated signaling events","PID_IL8_CXCR1_PATHWAY","NONE",0.029,0.0622,0.952,0.958
"(Reactome) Metabolism of RNA","REACTOME_METABOLISM_OF_RNA","NONE",0.0131,0.0442,0.966,0.971
"(Reactome) Energy dependent regulation of mTOR by LKB1-AMPK","REACTOME_ENERGY_DEPENDENT_REGULATION_OF_MTOR_BY_LKB1_AMPK","NONE",-0.0177,-0.0279,0.978,0.982
"(PID) Validated transcriptional targets of TAp63 isoforms","PID_TAP63_PATHWAY","NONE",-0.00973,-0.0193,0.985,0.987
"(Reactome) Platelet activation, signaling and aggregation","REACTOME_PLATELET_ACTIVATION_SIGNALING_AND_AGGREGATION","NONE",-0.00487,-0.0144,0.989,0.989
