"","X","Direction","logFC.x","P.Value.x","assay.x","path_dir.x","logFC.y","P.Value.y","assay.y","path_dir.y"
"1","BIOCARTA_AKAP95_PATHWAY","DOWN",-0.0907379399382298,0.00157964984661601,"I45FvsI47F","DOWN: BIOCARTA_AKAP95_PATHWAY",-0.0642582133341683,0.00456430019392695,"Mayo","DOWN: BIOCARTA_AKAP95_PATHWAY"
"2","BIOCARTA_CALCINEURIN_PATHWAY","UP",0.170443246411977,0.000327683248735548,"I45FvsI47F","UP: BIOCARTA_CALCINEURIN_PATHWAY",0.117923531605736,1.84701486371689e-08,"Mayo","UP: BIOCARTA_CALCINEURIN_PATHWAY"
"3","BIOCARTA_CERAMIDE_PATHWAY","UP",0.230241956111991,0.000994139318963831,"I45FvsI47F","UP: BIOCARTA_CERAMIDE_PATHWAY",0.0763364002673594,6.2055199499883e-05,"Mayo","UP: BIOCARTA_CERAMIDE_PATHWAY"
"4","BIOCARTA_EGF_PATHWAY","UP",0.0960163655684007,0.00303984654170221,"I45FvsI47F","UP: BIOCARTA_EGF_PATHWAY",0.0888390430870387,4.35098597392858e-05,"Mayo","UP: BIOCARTA_EGF_PATHWAY"
"5","BIOCARTA_HCMV_PATHWAY","UP",0.192223627490452,2.84374663085606e-05,"I45FvsI47F","UP: BIOCARTA_HCMV_PATHWAY",0.0975740746110562,0.000149105435793415,"Mayo","UP: BIOCARTA_HCMV_PATHWAY"
"6","BIOCARTA_HER2_PATHWAY","UP",0.119310500838584,0.000547336301524893,"I45FvsI47F","UP: BIOCARTA_HER2_PATHWAY",0.0904411748128542,2.01687090453498e-05,"Mayo","UP: BIOCARTA_HER2_PATHWAY"
"7","BIOCARTA_HIF_PATHWAY","UP",0.158931045795899,0.000450057164965169,"I45FvsI47F","UP: BIOCARTA_HIF_PATHWAY",0.0923796020730997,0.00337889234180022,"Mayo","UP: BIOCARTA_HIF_PATHWAY"
"8","BIOCARTA_IGF1R_PATHWAY","UP",0.224234172979441,0.000745769471132448,"I45FvsI47F","UP: BIOCARTA_IGF1R_PATHWAY",0.0507670311318691,0.000205099520140184,"Mayo","UP: BIOCARTA_IGF1R_PATHWAY"
"9","BIOCARTA_IL3_PATHWAY","UP",0.183568275102309,0.00236440921556622,"I45FvsI47F","UP: BIOCARTA_IL3_PATHWAY",0.113066027111015,0.00090360336117677,"Mayo","UP: BIOCARTA_IL3_PATHWAY"
"10","BIOCARTA_MCALPAIN_PATHWAY","UP",0.188154821814973,0.00241452801426107,"I45FvsI47F","UP: BIOCARTA_MCALPAIN_PATHWAY",0.173286143716808,1.17018821906782e-10,"Mayo","UP: BIOCARTA_MCALPAIN_PATHWAY"
"11","BIOCARTA_MCM_PATHWAY","DOWN",-0.286155318184173,1.8862509120379e-05,"I45FvsI47F","DOWN: BIOCARTA_MCM_PATHWAY",-0.19227520624476,8.1269471591659e-12,"Mayo","DOWN: BIOCARTA_MCM_PATHWAY"
"12","BIOCARTA_NDKDYNAMIN_PATHWAY","DOWN",-0.188992602040721,0.00145485482151046,"I45FvsI47F","DOWN: BIOCARTA_NDKDYNAMIN_PATHWAY",-0.0879663995510143,0.00172768176706332,"Mayo","DOWN: BIOCARTA_NDKDYNAMIN_PATHWAY"
"13","BIOCARTA_NFKB_PATHWAY","UP",0.281526852555039,6.13330141492802e-06,"I45FvsI47F","UP: BIOCARTA_NFKB_PATHWAY",0.207396850241096,4.36739581784003e-09,"Mayo","UP: BIOCARTA_NFKB_PATHWAY"
"14","BIOCARTA_NOS1_PATHWAY","DOWN",-0.214245882159623,0.00260390606275391,"I45FvsI47F","DOWN: BIOCARTA_NOS1_PATHWAY",-0.0973800407335605,0.00090528134969884,"Mayo","DOWN: BIOCARTA_NOS1_PATHWAY"
"15","BIOCARTA_P27_PATHWAY","DOWN",-0.149896476629036,0.00106651305701454,"I45FvsI47F","DOWN: BIOCARTA_P27_PATHWAY",-0.065794503492564,0.000191582643836251,"Mayo","DOWN: BIOCARTA_P27_PATHWAY"
"16","BIOCARTA_P53_PATHWAY","UP",0.383422331008736,0.000782731851475769,"I45FvsI47F","UP: BIOCARTA_P53_PATHWAY",0.134114363016851,0.000302487313401469,"Mayo","UP: BIOCARTA_P53_PATHWAY"
"17","BIOCARTA_P53HYPOXIA_PATHWAY","UP",0.313525383100459,0.000392087895496112,"I45FvsI47F","UP: BIOCARTA_P53HYPOXIA_PATHWAY",0.174932899634677,5.55506488338619e-06,"Mayo","UP: BIOCARTA_P53HYPOXIA_PATHWAY"
"18","BIOCARTA_PML_PATHWAY","UP",0.122916335050886,0.00158166696092075,"I45FvsI47F","UP: BIOCARTA_PML_PATHWAY",0.151078095004848,1.05292438058395e-05,"Mayo","UP: BIOCARTA_PML_PATHWAY"
"19","BIOCARTA_RACCYCD_PATHWAY","UP",0.284616278663823,5.80719019585506e-06,"I45FvsI47F","UP: BIOCARTA_RACCYCD_PATHWAY",0.0700915247379291,0.000660409405126557,"Mayo","UP: BIOCARTA_RACCYCD_PATHWAY"
"20","BIOCARTA_SPRY_PATHWAY","UP",0.447279193624109,8.80810303556177e-05,"I45FvsI47F","UP: BIOCARTA_SPRY_PATHWAY",0.11691805743896,1.86613467716587e-05,"Mayo","UP: BIOCARTA_SPRY_PATHWAY"
"21","BIOCARTA_TID_PATHWAY","UP",0.142435565348356,0.00151041694370057,"I45FvsI47F","UP: BIOCARTA_TID_PATHWAY",0.207843111101762,3.56782074418497e-05,"Mayo","UP: BIOCARTA_TID_PATHWAY"
"22","BIOCARTA_TPO_PATHWAY","UP",0.133755968698495,0.000333351203561063,"I45FvsI47F","UP: BIOCARTA_TPO_PATHWAY",0.109281491078025,9.98302827589873e-05,"Mayo","UP: BIOCARTA_TPO_PATHWAY"
"23","KEGG_APOPTOSIS","UP",0.151827893942916,0.000444005429520932,"I45FvsI47F","UP: KEGG_APOPTOSIS",0.0667365382104813,3.17194124674405e-05,"Mayo","UP: KEGG_APOPTOSIS"
"24","KEGG_BASE_EXCISION_REPAIR","DOWN",-0.170624251158744,0.000281298875809318,"I45FvsI47F","DOWN: KEGG_BASE_EXCISION_REPAIR",-0.102228986587885,2.34383285252478e-05,"Mayo","DOWN: KEGG_BASE_EXCISION_REPAIR"
"25","KEGG_DNA_REPLICATION","DOWN",-0.237109779177343,1.22941856458192e-05,"I45FvsI47F","DOWN: KEGG_DNA_REPLICATION",-0.132304974602151,3.80903921710997e-06,"Mayo","DOWN: KEGG_DNA_REPLICATION"
"26","KEGG_DORSO_VENTRAL_AXIS_FORMATION","UP",0.101453292052491,0.00164210944766887,"I45FvsI47F","UP: KEGG_DORSO_VENTRAL_AXIS_FORMATION",0.133337130150527,4.60310969165003e-08,"Mayo","UP: KEGG_DORSO_VENTRAL_AXIS_FORMATION"
"27","KEGG_GLYCEROPHOSPHOLIPID_METABOLISM","DOWN",-0.176944891242394,0.00011225107537279,"I45FvsI47F","DOWN: KEGG_GLYCEROPHOSPHOLIPID_METABOLISM",-0.0942396654990663,4.47577008578314e-08,"Mayo","DOWN: KEGG_GLYCEROPHOSPHOLIPID_METABOLISM"
"28","KEGG_GLYCOSYLPHOSPHATIDYLINOSITOL_GPI_ANCHOR_BIOSYNTHESIS","DOWN",-0.161138626058741,0.00114809598960465,"I45FvsI47F","DOWN: KEGG_GLYCOSYLPHOSPHATIDYLINOSITOL_GPI_ANCHOR_BIOSYNTHESIS",-0.14297760038698,2.21544580798186e-05,"Mayo","DOWN: KEGG_GLYCOSYLPHOSPHATIDYLINOSITOL_GPI_ANCHOR_BIOSYNTHESIS"
"29","KEGG_JAK_STAT_SIGNALING_PATHWAY","UP",0.129838618105427,0.000581797400296279,"I45FvsI47F","UP: KEGG_JAK_STAT_SIGNALING_PATHWAY",0.0559203254218927,0.000194117681875569,"Mayo","UP: KEGG_JAK_STAT_SIGNALING_PATHWAY"
"30","KEGG_LEISHMANIA_INFECTION","UP",0.184972963259811,6.80114317189699e-05,"I45FvsI47F","UP: KEGG_LEISHMANIA_INFECTION",0.165886299306676,0.000513926128136601,"Mayo","UP: KEGG_LEISHMANIA_INFECTION"
"31","KEGG_MISMATCH_REPAIR","DOWN",-0.157099927807402,0.00296020306512376,"I45FvsI47F","DOWN: KEGG_MISMATCH_REPAIR",-0.167553089847857,1.93823294318087e-08,"Mayo","DOWN: KEGG_MISMATCH_REPAIR"
"32","KEGG_NICOTINATE_AND_NICOTINAMIDE_METABOLISM","DOWN",-0.173360218422662,0.0018811524910528,"I45FvsI47F","DOWN: KEGG_NICOTINATE_AND_NICOTINAMIDE_METABOLISM",-0.0829258350720354,8.51457167114578e-05,"Mayo","DOWN: KEGG_NICOTINATE_AND_NICOTINAMIDE_METABOLISM"
"33","KEGG_NON_HOMOLOGOUS_END_JOINING","DOWN",-0.207021864225526,0.00037611145897627,"I45FvsI47F","DOWN: KEGG_NON_HOMOLOGOUS_END_JOINING",-0.172400729678513,3.60852637071797e-07,"Mayo","DOWN: KEGG_NON_HOMOLOGOUS_END_JOINING"
"34","KEGG_NUCLEOTIDE_EXCISION_REPAIR","DOWN",-0.211346508265072,0.000236708645988949,"I45FvsI47F","DOWN: KEGG_NUCLEOTIDE_EXCISION_REPAIR",-0.127188500230078,4.28314047982828e-07,"Mayo","DOWN: KEGG_NUCLEOTIDE_EXCISION_REPAIR"
"35","KEGG_O_GLYCAN_BIOSYNTHESIS","DOWN",-0.29577990631098,0.000127647771047461,"I45FvsI47F","DOWN: KEGG_O_GLYCAN_BIOSYNTHESIS",-0.107590487622776,2.6746828070261e-06,"Mayo","DOWN: KEGG_O_GLYCAN_BIOSYNTHESIS"
"36","KEGG_OLFACTORY_TRANSDUCTION","DOWN",-0.306453557245497,0.000501284520885991,"I45FvsI47F","DOWN: KEGG_OLFACTORY_TRANSDUCTION",-0.0805202282019567,0.00010773584079357,"Mayo","DOWN: KEGG_OLFACTORY_TRANSDUCTION"
"37","KEGG_RNA_DEGRADATION","DOWN",-0.220438622224739,4.17253687769479e-05,"I45FvsI47F","DOWN: KEGG_RNA_DEGRADATION",-0.0901002213607633,3.56471740323577e-07,"Mayo","DOWN: KEGG_RNA_DEGRADATION"
"38","KEGG_SPLICEOSOME","DOWN",-0.282425649727648,1.78685125169603e-05,"I45FvsI47F","DOWN: KEGG_SPLICEOSOME",-0.0515459228534336,0.0045022702810412,"Mayo","DOWN: KEGG_SPLICEOSOME"
"39","KEGG_TASTE_TRANSDUCTION","DOWN",-0.251087884393394,0.000679237016532503,"I45FvsI47F","DOWN: KEGG_TASTE_TRANSDUCTION",-0.183840716340325,2.83987308086723e-07,"Mayo","DOWN: KEGG_TASTE_TRANSDUCTION"
"40","KEGG_UBIQUITIN_MEDIATED_PROTEOLYSIS","DOWN",-0.089068800527804,0.00120594463829367,"I45FvsI47F","DOWN: KEGG_UBIQUITIN_MEDIATED_PROTEOLYSIS",-0.0891895976704979,5.52973705524267e-11,"Mayo","DOWN: KEGG_UBIQUITIN_MEDIATED_PROTEOLYSIS"
"41","NABA_PROTEOGLYCANS","UP",0.225133916558972,2.47623688767562e-05,"I45FvsI47F","UP: NABA_PROTEOGLYCANS",0.270725571425835,8.42648469792558e-11,"Mayo","UP: NABA_PROTEOGLYCANS"
"42","PID_A6B1_A6B4_INTEGRIN_PATHWAY","UP",0.254663295662106,0.000152779675304952,"I45FvsI47F","UP: PID_A6B1_A6B4_INTEGRIN_PATHWAY",0.141989857168964,7.71998386513555e-08,"Mayo","UP: PID_A6B1_A6B4_INTEGRIN_PATHWAY"
"43","PID_ATR_PATHWAY","DOWN",-0.0821027991606829,0.00324521503215512,"I45FvsI47F","DOWN: PID_ATR_PATHWAY",-0.125942976267728,8.77184068209555e-11,"Mayo","DOWN: PID_ATR_PATHWAY"
"44","PID_DNA_PK_PATHWAY","DOWN",-0.162551694724052,0.00220343246709636,"I45FvsI47F","DOWN: PID_DNA_PK_PATHWAY",-0.154283726000395,9.3771185619429e-12,"Mayo","DOWN: PID_DNA_PK_PATHWAY"
"45","PID_ECADHERIN_NASCENT_AJ_PATHWAY","UP",0.103116625169808,0.000996052861754796,"I45FvsI47F","UP: PID_ECADHERIN_NASCENT_AJ_PATHWAY",0.0472582414908285,0.00307136517078767,"Mayo","UP: PID_ECADHERIN_NASCENT_AJ_PATHWAY"
"46","PID_EPO_PATHWAY","UP",0.103088451423749,0.00198711052225444,"I45FvsI47F","UP: PID_EPO_PATHWAY",0.0809568642388532,0.000202303558588105,"Mayo","UP: PID_EPO_PATHWAY"
"47","PID_ERBB2_ERBB3_PATHWAY","UP",0.1393740604356,0.000315859999362112,"I45FvsI47F","UP: PID_ERBB2_ERBB3_PATHWAY",0.0443434898915545,0.000586747235064651,"Mayo","UP: PID_ERBB2_ERBB3_PATHWAY"
"48","PID_FGF_PATHWAY","UP",0.163848471312226,0.000276337166462848,"I45FvsI47F","UP: PID_FGF_PATHWAY",0.117314842011834,9.27724449058583e-09,"Mayo","UP: PID_FGF_PATHWAY"
"49","PID_GLYPICAN_1PATHWAY","UP",0.212724780771291,0.00154087277866748,"I45FvsI47F","UP: PID_GLYPICAN_1PATHWAY",0.296920657224912,2.16897713866537e-10,"Mayo","UP: PID_GLYPICAN_1PATHWAY"
"50","PID_GMCSF_PATHWAY","UP",0.127723350778554,0.000944330498465099,"I45FvsI47F","UP: PID_GMCSF_PATHWAY",0.0792858348312006,0.00371090281140358,"Mayo","UP: PID_GMCSF_PATHWAY"
"51","PID_IL2_STAT5_PATHWAY","UP",0.378719875736468,1.44018017161005e-05,"I45FvsI47F","UP: PID_IL2_STAT5_PATHWAY",0.103939576430069,0.00015395307692622,"Mayo","UP: PID_IL2_STAT5_PATHWAY"
"52","PID_IL3_PATHWAY","UP",0.0932470483715699,0.00292355953038248,"I45FvsI47F","UP: PID_IL3_PATHWAY",0.0723766840363999,0.00249814661722897,"Mayo","UP: PID_IL3_PATHWAY"
"53","PID_IL6_7_PATHWAY","UP",0.124476994528615,0.000249506418100727,"I45FvsI47F","UP: PID_IL6_7_PATHWAY",0.163175887117886,7.32610092117043e-05,"Mayo","UP: PID_IL6_7_PATHWAY"
"54","PID_INTEGRIN1_PATHWAY","UP",0.116156066991327,0.000395434738190696,"I45FvsI47F","UP: PID_INTEGRIN1_PATHWAY",0.127890393352139,3.62120472634908e-07,"Mayo","UP: PID_INTEGRIN1_PATHWAY"
"55","PID_INTEGRIN4_PATHWAY","UP",0.464724431255296,0.000441627745821175,"I45FvsI47F","UP: PID_INTEGRIN4_PATHWAY",0.260798923389438,2.07515160239133e-09,"Mayo","UP: PID_INTEGRIN4_PATHWAY"
"56","PID_LYMPH_ANGIOGENESIS_PATHWAY","UP",0.189428352446809,4.54898124678682e-05,"I45FvsI47F","UP: PID_LYMPH_ANGIOGENESIS_PATHWAY",0.0876107622244304,1.10457602683473e-06,"Mayo","UP: PID_LYMPH_ANGIOGENESIS_PATHWAY"
"57","PID_MYC_PATHWAY","DOWN",-0.134280503285284,0.000411711189338424,"I45FvsI47F","DOWN: PID_MYC_PATHWAY",-0.0644955649326768,0.000218293629404664,"Mayo","DOWN: PID_MYC_PATHWAY"
"58","PID_NFAT_3PATHWAY","DOWN",-0.0890633217776995,0.00140756664463171,"I45FvsI47F","DOWN: PID_NFAT_3PATHWAY",-0.0957006331728187,4.99701122168816e-06,"Mayo","DOWN: PID_NFAT_3PATHWAY"
"59","PID_P38_MK2_PATHWAY","UP",0.25975727623785,0.00105404167856513,"I45FvsI47F","UP: PID_P38_MK2_PATHWAY",0.0632565740065563,8.0320095695114e-05,"Mayo","UP: PID_P38_MK2_PATHWAY"
"60","PID_P38_MKK3_6PATHWAY","UP",0.281916469637925,1.47363677930741e-06,"I45FvsI47F","UP: PID_P38_MKK3_6PATHWAY",0.0833425230193131,0.0017612750059779,"Mayo","UP: PID_P38_MKK3_6PATHWAY"
"61","PID_PDGFRA_PATHWAY","UP",0.266502048676924,1.23917329745836e-05,"I45FvsI47F","UP: PID_PDGFRA_PATHWAY",0.177375409008796,6.20309066356489e-09,"Mayo","UP: PID_PDGFRA_PATHWAY"
"62","PID_PTP1B_PATHWAY","UP",0.130185520596436,0.00192308779423324,"I45FvsI47F","UP: PID_PTP1B_PATHWAY",0.20409360033157,7.42538086613124e-12,"Mayo","UP: PID_PTP1B_PATHWAY"
"63","PID_TAP63_PATHWAY","UP",0.439701040800847,0.00113072395678114,"I45FvsI47F","UP: PID_TAP63_PATHWAY",0.123497815901546,2.09884805523577e-06,"Mayo","UP: PID_TAP63_PATHWAY"
"64","REACTOME_ACTIVATED_TAK1_MEDIATES_P38_MAPK_ACTIVATION","UP",0.264624837758388,5.12805950703115e-05,"I45FvsI47F","UP: REACTOME_ACTIVATED_TAK1_MEDIATES_P38_MAPK_ACTIVATION",0.0928087493011041,1.14777811063334e-06,"Mayo","UP: REACTOME_ACTIVATED_TAK1_MEDIATES_P38_MAPK_ACTIVATION"
"65","REACTOME_ACTIVATION_OF_ATR_IN_RESPONSE_TO_REPLICATION_STRESS","DOWN",-0.162699765166989,7.64729116440245e-05,"I45FvsI47F","DOWN: REACTOME_ACTIVATION_OF_ATR_IN_RESPONSE_TO_REPLICATION_STRESS",-0.205543053063274,2.13970242686312e-12,"Mayo","DOWN: REACTOME_ACTIVATION_OF_ATR_IN_RESPONSE_TO_REPLICATION_STRESS"
"66","REACTOME_ACTIVATION_OF_THE_PRE_REPLICATIVE_COMPLEX","DOWN",-0.236407114957992,2.0018425662385e-05,"I45FvsI47F","DOWN: REACTOME_ACTIVATION_OF_THE_PRE_REPLICATIVE_COMPLEX",-0.18457086213737,3.09580006327827e-10,"Mayo","DOWN: REACTOME_ACTIVATION_OF_THE_PRE_REPLICATIVE_COMPLEX"
"67","REACTOME_AMINO_ACID_TRANSPORT_ACROSS_THE_PLASMA_MEMBRANE","UP",0.237385930722937,0.000315801389315855,"I45FvsI47F","UP: REACTOME_AMINO_ACID_TRANSPORT_ACROSS_THE_PLASMA_MEMBRANE",0.163117293835259,6.3126890112403e-10,"Mayo","UP: REACTOME_AMINO_ACID_TRANSPORT_ACROSS_THE_PLASMA_MEMBRANE"
"68","REACTOME_ANTIGEN_PROCESSING_UBIQUITINATION_PROTEASOME_DEGRADATION","DOWN",-0.106662544520028,0.00050315986206368,"I45FvsI47F","DOWN: REACTOME_ANTIGEN_PROCESSING_UBIQUITINATION_PROTEASOME_DEGRADATION",-0.0726366228576345,1.56734148356197e-08,"Mayo","DOWN: REACTOME_ANTIGEN_PROCESSING_UBIQUITINATION_PROTEASOME_DEGRADATION"
"69","REACTOME_APC_C_CDC20_MEDIATED_DEGRADATION_OF_CYCLIN_B","DOWN",-0.142469128647239,9.36207103566077e-05,"I45FvsI47F","DOWN: REACTOME_APC_C_CDC20_MEDIATED_DEGRADATION_OF_CYCLIN_B",-0.125915286268143,8.4887656633601e-08,"Mayo","DOWN: REACTOME_APC_C_CDC20_MEDIATED_DEGRADATION_OF_CYCLIN_B"
"70","REACTOME_APC_CDC20_MEDIATED_DEGRADATION_OF_NEK2A","DOWN",-0.223477935977634,1.88740832976182e-05,"I45FvsI47F","DOWN: REACTOME_APC_CDC20_MEDIATED_DEGRADATION_OF_NEK2A",-0.121390893149432,9.42424154335351e-07,"Mayo","DOWN: REACTOME_APC_CDC20_MEDIATED_DEGRADATION_OF_NEK2A"
"71","REACTOME_ASSOCIATION_OF_LICENSING_FACTORS_WITH_THE_PRE_REPLICATIVE_COMPLEX","DOWN",-0.172117903037417,0.000410506967913478,"I45FvsI47F","DOWN: REACTOME_ASSOCIATION_OF_LICENSING_FACTORS_WITH_THE_PRE_REPLICATIVE_COMPLEX",-0.152141638461256,8.92836938171524e-09,"Mayo","DOWN: REACTOME_ASSOCIATION_OF_LICENSING_FACTORS_WITH_THE_PRE_REPLICATIVE_COMPLEX"
"72","REACTOME_BASE_EXCISION_REPAIR","DOWN",-0.195222457286228,0.000259351547166991,"I45FvsI47F","DOWN: REACTOME_BASE_EXCISION_REPAIR",-0.180976923329702,6.3197157297628e-08,"Mayo","DOWN: REACTOME_BASE_EXCISION_REPAIR"
"73","REACTOME_CDC6_ASSOCIATION_WITH_THE_ORC_ORIGIN_COMPLEX","DOWN",-0.136187895240479,0.00268261507165161,"I45FvsI47F","DOWN: REACTOME_CDC6_ASSOCIATION_WITH_THE_ORC_ORIGIN_COMPLEX",-0.279715302745228,4.61419480332317e-13,"Mayo","DOWN: REACTOME_CDC6_ASSOCIATION_WITH_THE_ORC_ORIGIN_COMPLEX"
"74","REACTOME_CELL_CYCLE","DOWN",-0.110473442888317,0.000426067527685882,"I45FvsI47F","DOWN: REACTOME_CELL_CYCLE",-0.086671470106766,8.24921196555363e-10,"Mayo","DOWN: REACTOME_CELL_CYCLE"
"75","REACTOME_CELL_CYCLE_MITOTIC","DOWN",-0.101166445349936,0.000618842048504182,"I45FvsI47F","DOWN: REACTOME_CELL_CYCLE_MITOTIC",-0.0914551741301154,3.61221212882045e-10,"Mayo","DOWN: REACTOME_CELL_CYCLE_MITOTIC"
"76","REACTOME_CELL_EXTRACELLULAR_MATRIX_INTERACTIONS","UP",0.522285167696254,0.000372582756181255,"I45FvsI47F","UP: REACTOME_CELL_EXTRACELLULAR_MATRIX_INTERACTIONS",0.25108263552435,6.11145362823382e-14,"Mayo","UP: REACTOME_CELL_EXTRACELLULAR_MATRIX_INTERACTIONS"
"77","REACTOME_CLASS_I_MHC_MEDIATED_ANTIGEN_PROCESSING_PRESENTATION","DOWN",-0.0901137089361045,0.00142516898362602,"I45FvsI47F","DOWN: REACTOME_CLASS_I_MHC_MEDIATED_ANTIGEN_PROCESSING_PRESENTATION",-0.0459463598924286,1.37407852858857e-06,"Mayo","DOWN: REACTOME_CLASS_I_MHC_MEDIATED_ANTIGEN_PROCESSING_PRESENTATION"
"78","REACTOME_CLEAVAGE_OF_GROWING_TRANSCRIPT_IN_THE_TERMINATION_REGION_","DOWN",-0.247889260742793,0.000149472040447449,"I45FvsI47F","DOWN: REACTOME_CLEAVAGE_OF_GROWING_TRANSCRIPT_IN_THE_TERMINATION_REGION_",-0.0718974938537751,3.0247294804316e-05,"Mayo","DOWN: REACTOME_CLEAVAGE_OF_GROWING_TRANSCRIPT_IN_THE_TERMINATION_REGION_"
"79","REACTOME_CONVERSION_FROM_APC_C_CDC20_TO_APC_C_CDH1_IN_LATE_ANAPHASE","DOWN",-0.164976797804249,0.000150990004777141,"I45FvsI47F","DOWN: REACTOME_CONVERSION_FROM_APC_C_CDC20_TO_APC_C_CDH1_IN_LATE_ANAPHASE",-0.113775244795518,7.5232756820285e-06,"Mayo","DOWN: REACTOME_CONVERSION_FROM_APC_C_CDC20_TO_APC_C_CDH1_IN_LATE_ANAPHASE"
"80","REACTOME_CREB_PHOSPHORYLATION_THROUGH_THE_ACTIVATION_OF_RAS","DOWN",-0.184462968510974,0.00170703400499772,"I45FvsI47F","DOWN: REACTOME_CREB_PHOSPHORYLATION_THROUGH_THE_ACTIVATION_OF_RAS",-0.184981843242274,1.51071999103949e-10,"Mayo","DOWN: REACTOME_CREB_PHOSPHORYLATION_THROUGH_THE_ACTIVATION_OF_RAS"
"81","REACTOME_CS_DS_DEGRADATION","UP",0.382797841770538,7.78094493071955e-06,"I45FvsI47F","UP: REACTOME_CS_DS_DEGRADATION",0.274821705884799,6.41763104437549e-11,"Mayo","UP: REACTOME_CS_DS_DEGRADATION"
"82","REACTOME_DEADENYLATION_DEPENDENT_MRNA_DECAY","DOWN",-0.245499029848918,0.000334863860115129,"I45FvsI47F","DOWN: REACTOME_DEADENYLATION_DEPENDENT_MRNA_DECAY",-0.107723633558524,2.51916319978123e-07,"Mayo","DOWN: REACTOME_DEADENYLATION_DEPENDENT_MRNA_DECAY"
"83","REACTOME_DEADENYLATION_OF_MRNA","DOWN",-0.223725458528594,0.00215507068103978,"I45FvsI47F","DOWN: REACTOME_DEADENYLATION_OF_MRNA",-0.0509071551396418,0.00262078748421364,"Mayo","DOWN: REACTOME_DEADENYLATION_OF_MRNA"
"84","REACTOME_DESTABILIZATION_OF_MRNA_BY_BRF1","DOWN",-0.221387110985293,7.58088199768306e-05,"I45FvsI47F","DOWN: REACTOME_DESTABILIZATION_OF_MRNA_BY_BRF1",-0.0931015993618575,6.62308699191129e-06,"Mayo","DOWN: REACTOME_DESTABILIZATION_OF_MRNA_BY_BRF1"
"85","REACTOME_DESTABILIZATION_OF_MRNA_BY_TRISTETRAPROLIN_TTP","DOWN",-0.252742989300455,3.33325104023326e-05,"I45FvsI47F","DOWN: REACTOME_DESTABILIZATION_OF_MRNA_BY_TRISTETRAPROLIN_TTP",-0.0732220508536837,0.00409353837142224,"Mayo","DOWN: REACTOME_DESTABILIZATION_OF_MRNA_BY_TRISTETRAPROLIN_TTP"
"86","REACTOME_DNA_REPAIR","DOWN",-0.148581194018606,0.00119743032446863,"I45FvsI47F","DOWN: REACTOME_DNA_REPAIR",-0.138754380339529,3.84900703056691e-09,"Mayo","DOWN: REACTOME_DNA_REPAIR"
"87","REACTOME_DNA_REPLICATION","DOWN",-0.113241944909113,0.000347845181184315,"I45FvsI47F","DOWN: REACTOME_DNA_REPLICATION",-0.0829623519327329,1.17993067627535e-08,"Mayo","DOWN: REACTOME_DNA_REPLICATION"
"88","REACTOME_DNA_STRAND_ELONGATION","DOWN",-0.206640520419183,2.3496063048041e-05,"I45FvsI47F","DOWN: REACTOME_DNA_STRAND_ELONGATION",-0.158607679725119,1.04769291424026e-08,"Mayo","DOWN: REACTOME_DNA_STRAND_ELONGATION"
"89","REACTOME_E2F_MEDIATED_REGULATION_OF_DNA_REPLICATION","DOWN",-0.140452509808976,0.000863988541569913,"I45FvsI47F","DOWN: REACTOME_E2F_MEDIATED_REGULATION_OF_DNA_REPLICATION",-0.149512963236993,1.2582577554841e-11,"Mayo","DOWN: REACTOME_E2F_MEDIATED_REGULATION_OF_DNA_REPLICATION"
"90","REACTOME_ELONGATION_ARREST_AND_RECOVERY","DOWN",-0.150970238829876,0.00123529585010328,"I45FvsI47F","DOWN: REACTOME_ELONGATION_ARREST_AND_RECOVERY",-0.0681561265246975,8.32178460067838e-05,"Mayo","DOWN: REACTOME_ELONGATION_ARREST_AND_RECOVERY"
"91","REACTOME_ENDOSOMAL_SORTING_COMPLEX_REQUIRED_FOR_TRANSPORT_ESCRT","DOWN",-0.0951357698755999,0.000987607665176376,"I45FvsI47F","DOWN: REACTOME_ENDOSOMAL_SORTING_COMPLEX_REQUIRED_FOR_TRANSPORT_ESCRT",-0.081288569564107,0.000363228187638846,"Mayo","DOWN: REACTOME_ENDOSOMAL_SORTING_COMPLEX_REQUIRED_FOR_TRANSPORT_ESCRT"
"92","REACTOME_EXTENSION_OF_TELOMERES","DOWN",-0.24851615456726,4.3101376972882e-05,"I45FvsI47F","DOWN: REACTOME_EXTENSION_OF_TELOMERES",-0.12227208884893,7.49291171040435e-07,"Mayo","DOWN: REACTOME_EXTENSION_OF_TELOMERES"
"93","REACTOME_EXTRINSIC_PATHWAY_FOR_APOPTOSIS","UP",0.457995937553452,0.000278175599808942,"I45FvsI47F","UP: REACTOME_EXTRINSIC_PATHWAY_FOR_APOPTOSIS",0.124267715095274,0.000349017140442492,"Mayo","UP: REACTOME_EXTRINSIC_PATHWAY_FOR_APOPTOSIS"
"94","REACTOME_FANCONI_ANEMIA_PATHWAY","DOWN",-0.144608659415494,0.000310630575326601,"I45FvsI47F","DOWN: REACTOME_FANCONI_ANEMIA_PATHWAY",-0.0986425998478423,6.07791817195391e-06,"Mayo","DOWN: REACTOME_FANCONI_ANEMIA_PATHWAY"
"95","REACTOME_FATTY_ACID_TRIACYLGLYCEROL_AND_KETONE_BODY_METABOLISM","UP",0.169105917982842,0.000798444592899577,"I45FvsI47F","UP: REACTOME_FATTY_ACID_TRIACYLGLYCEROL_AND_KETONE_BODY_METABOLISM",0.0433270326655318,0.00120183586058804,"Mayo","UP: REACTOME_FATTY_ACID_TRIACYLGLYCEROL_AND_KETONE_BODY_METABOLISM"
"96","REACTOME_FORMATION_OF_RNA_POL_II_ELONGATION_COMPLEX_","DOWN",-0.169438096950733,0.000309685780741914,"I45FvsI47F","DOWN: REACTOME_FORMATION_OF_RNA_POL_II_ELONGATION_COMPLEX_",-0.105498960213617,3.83939399504886e-08,"Mayo","DOWN: REACTOME_FORMATION_OF_RNA_POL_II_ELONGATION_COMPLEX_"
"97","REACTOME_FORMATION_OF_THE_HIV1_EARLY_ELONGATION_COMPLEX","DOWN",-0.146950026799331,0.000626551743069826,"I45FvsI47F","DOWN: REACTOME_FORMATION_OF_THE_HIV1_EARLY_ELONGATION_COMPLEX",-0.109402281809247,1.95869076675427e-07,"Mayo","DOWN: REACTOME_FORMATION_OF_THE_HIV1_EARLY_ELONGATION_COMPLEX"
"98","REACTOME_FORMATION_OF_TRANSCRIPTION_COUPLED_NER_TC_NER_REPAIR_COMPLEX","DOWN",-0.171598910661977,0.000410627715765115,"I45FvsI47F","DOWN: REACTOME_FORMATION_OF_TRANSCRIPTION_COUPLED_NER_TC_NER_REPAIR_COMPLEX",-0.154266281186733,2.61285647377328e-10,"Mayo","DOWN: REACTOME_FORMATION_OF_TRANSCRIPTION_COUPLED_NER_TC_NER_REPAIR_COMPLEX"
"99","REACTOME_G1_S_TRANSITION","DOWN",-0.111874001064365,0.0017988124928956,"I45FvsI47F","DOWN: REACTOME_G1_S_TRANSITION",-0.0884410098657151,3.89406979764225e-08,"Mayo","DOWN: REACTOME_G1_S_TRANSITION"
"100","REACTOME_G2_M_CHECKPOINTS","DOWN",-0.161703543531519,9.7011781217409e-05,"I45FvsI47F","DOWN: REACTOME_G2_M_CHECKPOINTS",-0.197867158436013,2.06767531312773e-13,"Mayo","DOWN: REACTOME_G2_M_CHECKPOINTS"
"101","REACTOME_GLOBAL_GENOMIC_NER_GG_NER","DOWN",-0.170923466104492,0.00205396764723312,"I45FvsI47F","DOWN: REACTOME_GLOBAL_GENOMIC_NER_GG_NER",-0.143938000856477,8.53252255050096e-08,"Mayo","DOWN: REACTOME_GLOBAL_GENOMIC_NER_GG_NER"
"102","REACTOME_GLUCOSE_METABOLISM","UP",0.413020665580921,0.00162002863220652,"I45FvsI47F","UP: REACTOME_GLUCOSE_METABOLISM",0.0538419073120547,0.00109183638971965,"Mayo","UP: REACTOME_GLUCOSE_METABOLISM"
"103","REACTOME_GLYCEROPHOSPHOLIPID_BIOSYNTHESIS","DOWN",-0.129973715804694,0.000862024325743711,"I45FvsI47F","DOWN: REACTOME_GLYCEROPHOSPHOLIPID_BIOSYNTHESIS",-0.0521723390229983,0.000201705832133821,"Mayo","DOWN: REACTOME_GLYCEROPHOSPHOLIPID_BIOSYNTHESIS"
"104","REACTOME_GLYCOGEN_BREAKDOWN_GLYCOGENOLYSIS","UP",0.262418427709788,8.17771899382486e-05,"I45FvsI47F","UP: REACTOME_GLYCOGEN_BREAKDOWN_GLYCOGENOLYSIS",0.184829155791553,2.00814739630265e-07,"Mayo","UP: REACTOME_GLYCOGEN_BREAKDOWN_GLYCOGENOLYSIS"
"105","REACTOME_HEPARAN_SULFATE_HEPARIN_HS_GAG_METABOLISM","UP",0.143505843489126,0.00231171044417035,"I45FvsI47F","UP: REACTOME_HEPARAN_SULFATE_HEPARIN_HS_GAG_METABOLISM",0.0971371333425746,1.75957825757881e-05,"Mayo","UP: REACTOME_HEPARAN_SULFATE_HEPARIN_HS_GAG_METABOLISM"
"106","REACTOME_HIV_LIFE_CYCLE","DOWN",-0.104576237759619,0.00208396582547474,"I45FvsI47F","DOWN: REACTOME_HIV_LIFE_CYCLE",-0.0962727173647757,2.22977847806535e-09,"Mayo","DOWN: REACTOME_HIV_LIFE_CYCLE"
"107","REACTOME_HOMOLOGOUS_RECOMBINATION_REPAIR_OF_REPLICATION_INDEPENDENT_DOUBLE_STRAND_BREAKS","DOWN",-0.193239979264284,0.000690662870183978,"I45FvsI47F","DOWN: REACTOME_HOMOLOGOUS_RECOMBINATION_REPAIR_OF_REPLICATION_INDEPENDENT_DOUBLE_STRAND_BREAKS",-0.0916617848065707,0.000884521756944412,"Mayo","DOWN: REACTOME_HOMOLOGOUS_RECOMBINATION_REPAIR_OF_REPLICATION_INDEPENDENT_DOUBLE_STRAND_BREAKS"
"108","REACTOME_INHIBITION_OF_THE_PROTEOLYTIC_ACTIVITY_OF_APC_C_REQUIRED_FOR_THE_ONSET_OF_ANAPHASE_BY_MITOTIC_SPINDLE_CHECKPOINT_COMPONENTS","DOWN",-0.220265426315266,5.10997926924255e-05,"I45FvsI47F","DOWN: REACTOME_INHIBITION_OF_THE_PROTEOLYTIC_ACTIVITY_OF_APC_C_REQUIRED_FOR_THE_ONSET_OF_ANAPHASE_BY_MITOTIC_SPINDLE_CHECKPOINT_COMPONENTS",-0.140508215145214,2.93551764517743e-07,"Mayo","DOWN: REACTOME_INHIBITION_OF_THE_PROTEOLYTIC_ACTIVITY_OF_APC_C_REQUIRED_FOR_THE_ONSET_OF_ANAPHASE_BY_MITOTIC_SPINDLE_CHECKPOINT_COMPONENTS"
"109","REACTOME_ION_CHANNEL_TRANSPORT","DOWN",-0.277819651578732,0.000457121920207675,"I45FvsI47F","DOWN: REACTOME_ION_CHANNEL_TRANSPORT",-0.180717353894748,1.12591724515516e-05,"Mayo","DOWN: REACTOME_ION_CHANNEL_TRANSPORT"
"110","REACTOME_ION_TRANSPORT_BY_P_TYPE_ATPASES","DOWN",-0.258790575907973,0.00124659826150873,"I45FvsI47F","DOWN: REACTOME_ION_TRANSPORT_BY_P_TYPE_ATPASES",-0.0927925931739103,2.89991726478756e-05,"Mayo","DOWN: REACTOME_ION_TRANSPORT_BY_P_TYPE_ATPASES"
"111","REACTOME_IONOTROPIC_ACTIVITY_OF_KAINATE_RECEPTORS","DOWN",-0.801668796425322,1.01144388536351e-05,"I45FvsI47F","DOWN: REACTOME_IONOTROPIC_ACTIVITY_OF_KAINATE_RECEPTORS",-0.275798767519159,7.05604732737219e-08,"Mayo","DOWN: REACTOME_IONOTROPIC_ACTIVITY_OF_KAINATE_RECEPTORS"
"112","REACTOME_LAGGING_STRAND_SYNTHESIS","DOWN",-0.177705390888442,0.000261598837876196,"I45FvsI47F","DOWN: REACTOME_LAGGING_STRAND_SYNTHESIS",-0.134825010588559,3.30227422265726e-07,"Mayo","DOWN: REACTOME_LAGGING_STRAND_SYNTHESIS"
"113","REACTOME_LATE_PHASE_OF_HIV_LIFE_CYCLE","DOWN",-0.115925697897971,0.000756760516906991,"I45FvsI47F","DOWN: REACTOME_LATE_PHASE_OF_HIV_LIFE_CYCLE",-0.106106962072853,3.20981479453938e-09,"Mayo","DOWN: REACTOME_LATE_PHASE_OF_HIV_LIFE_CYCLE"
"114","REACTOME_LOSS_OF_NLP_FROM_MITOTIC_CENTROSOMES","DOWN",-0.137802830739641,0.000203172685901573,"I45FvsI47F","DOWN: REACTOME_LOSS_OF_NLP_FROM_MITOTIC_CENTROSOMES",-0.100680336344402,6.95652802673748e-08,"Mayo","DOWN: REACTOME_LOSS_OF_NLP_FROM_MITOTIC_CENTROSOMES"
"115","REACTOME_M_G1_TRANSITION","DOWN",-0.127719647095996,0.00201123259819619,"I45FvsI47F","DOWN: REACTOME_M_G1_TRANSITION",-0.102739790871375,1.82091893574189e-06,"Mayo","DOWN: REACTOME_M_G1_TRANSITION"
"116","REACTOME_METABOLISM_OF_CARBOHYDRATES","UP",0.13854919536221,0.00249746003455106,"I45FvsI47F","UP: REACTOME_METABOLISM_OF_CARBOHYDRATES",0.0369112933810877,0.00262469729780439,"Mayo","UP: REACTOME_METABOLISM_OF_CARBOHYDRATES"
"117","REACTOME_METABOLISM_OF_NON_CODING_RNA","DOWN",-0.124048253818432,0.0012752101553895,"I45FvsI47F","DOWN: REACTOME_METABOLISM_OF_NON_CODING_RNA",-0.128737737385337,2.94752483336708e-07,"Mayo","DOWN: REACTOME_METABOLISM_OF_NON_CODING_RNA"
"118","REACTOME_MICRORNA_MIRNA_BIOGENESIS","DOWN",-0.198276651098323,7.8511267110399e-05,"I45FvsI47F","DOWN: REACTOME_MICRORNA_MIRNA_BIOGENESIS",-0.0998517349486603,0.000188923070692477,"Mayo","DOWN: REACTOME_MICRORNA_MIRNA_BIOGENESIS"
"119","REACTOME_MITOTIC_G2_G2_M_PHASES","DOWN",-0.142978195248253,0.000157227013839257,"I45FvsI47F","DOWN: REACTOME_MITOTIC_G2_G2_M_PHASES",-0.124808003265672,1.84725587912583e-11,"Mayo","DOWN: REACTOME_MITOTIC_G2_G2_M_PHASES"
"120","REACTOME_MITOTIC_M_M_G1_PHASES","DOWN",-0.131525715654759,0.000130548744222944,"I45FvsI47F","DOWN: REACTOME_MITOTIC_M_M_G1_PHASES",-0.0839499171436079,6.52637857467459e-08,"Mayo","DOWN: REACTOME_MITOTIC_M_M_G1_PHASES"
"121","REACTOME_MITOTIC_PROMETAPHASE","DOWN",-0.134889608767712,0.000881168569252028,"I45FvsI47F","DOWN: REACTOME_MITOTIC_PROMETAPHASE",-0.0649644393679827,3.03949630304504e-05,"Mayo","DOWN: REACTOME_MITOTIC_PROMETAPHASE"
"122","REACTOME_MRNA_3_END_PROCESSING","DOWN",-0.295904436447607,8.67134996669458e-05,"I45FvsI47F","DOWN: REACTOME_MRNA_3_END_PROCESSING",-0.0740310883166804,0.000109088347466578,"Mayo","DOWN: REACTOME_MRNA_3_END_PROCESSING"
"123","REACTOME_MRNA_CAPPING","DOWN",-0.135714791357273,0.000583998158885026,"I45FvsI47F","DOWN: REACTOME_MRNA_CAPPING",-0.149922750345274,2.27395930797265e-10,"Mayo","DOWN: REACTOME_MRNA_CAPPING"
"124","REACTOME_MRNA_DECAY_BY_3_TO_5_EXORIBONUCLEASE","DOWN",-0.212403750536953,6.31218785767714e-05,"I45FvsI47F","DOWN: REACTOME_MRNA_DECAY_BY_3_TO_5_EXORIBONUCLEASE",-0.235280776815058,5.58119434536231e-08,"Mayo","DOWN: REACTOME_MRNA_DECAY_BY_3_TO_5_EXORIBONUCLEASE"
"125","REACTOME_MRNA_DECAY_BY_5_TO_3_EXORIBONUCLEASE","DOWN",-0.276044994219828,0.000161297035047509,"I45FvsI47F","DOWN: REACTOME_MRNA_DECAY_BY_5_TO_3_EXORIBONUCLEASE",-0.0800045952172526,0.000440571988001191,"Mayo","DOWN: REACTOME_MRNA_DECAY_BY_5_TO_3_EXORIBONUCLEASE"
"126","REACTOME_MRNA_PROCESSING","DOWN",-0.203088772770636,4.97477821691829e-05,"I45FvsI47F","DOWN: REACTOME_MRNA_PROCESSING",-0.0867048728911615,4.89342540321348e-07,"Mayo","DOWN: REACTOME_MRNA_PROCESSING"
"127","REACTOME_NEP_NS2_INTERACTS_WITH_THE_CELLULAR_EXPORT_MACHINERY","DOWN",-0.123006596174593,0.000839172485623652,"I45FvsI47F","DOWN: REACTOME_NEP_NS2_INTERACTS_WITH_THE_CELLULAR_EXPORT_MACHINERY",-0.124579996807808,8.7702298578993e-07,"Mayo","DOWN: REACTOME_NEP_NS2_INTERACTS_WITH_THE_CELLULAR_EXPORT_MACHINERY"
"128","REACTOME_NUCLEOTIDE_EXCISION_REPAIR","DOWN",-0.166327365412643,0.00223503150854464,"I45FvsI47F","DOWN: REACTOME_NUCLEOTIDE_EXCISION_REPAIR",-0.131758370514157,2.9872115047518e-08,"Mayo","DOWN: REACTOME_NUCLEOTIDE_EXCISION_REPAIR"
"129","REACTOME_O_LINKED_GLYCOSYLATION_OF_MUCINS","DOWN",-0.305858618584152,3.99078381177664e-05,"I45FvsI47F","DOWN: REACTOME_O_LINKED_GLYCOSYLATION_OF_MUCINS",-0.083686711462631,2.5445235978581e-05,"Mayo","DOWN: REACTOME_O_LINKED_GLYCOSYLATION_OF_MUCINS"
"130","REACTOME_PHOSPHORYLATION_OF_THE_APC_C","DOWN",-0.14363101663625,0.000132549426356544,"I45FvsI47F","DOWN: REACTOME_PHOSPHORYLATION_OF_THE_APC_C",-0.148320254672425,1.57481292599226e-08,"Mayo","DOWN: REACTOME_PHOSPHORYLATION_OF_THE_APC_C"
"131","REACTOME_PLATELET_SENSITIZATION_BY_LDL","UP",0.124252422441136,0.00177201976017585,"I45FvsI47F","UP: REACTOME_PLATELET_SENSITIZATION_BY_LDL",0.0754190923161594,0.000117921253601181,"Mayo","UP: REACTOME_PLATELET_SENSITIZATION_BY_LDL"
"132","REACTOME_POL_SWITCHING","DOWN",-0.19358212227755,0.00013380685979318,"I45FvsI47F","DOWN: REACTOME_POL_SWITCHING",-0.119120187788435,1.11072751807388e-06,"Mayo","DOWN: REACTOME_POL_SWITCHING"
"133","REACTOME_PPARA_ACTIVATES_GENE_EXPRESSION","UP",0.0995061908917428,0.00306342005610046,"I45FvsI47F","UP: REACTOME_PPARA_ACTIVATES_GENE_EXPRESSION",0.0716725859076717,3.16886021444911e-08,"Mayo","UP: REACTOME_PPARA_ACTIVATES_GENE_EXPRESSION"
"134","REACTOME_PROCESSING_OF_CAPPED_INTRON_CONTAINING_PRE_MRNA","DOWN",-0.221425572136684,5.53111106247326e-05,"I45FvsI47F","DOWN: REACTOME_PROCESSING_OF_CAPPED_INTRON_CONTAINING_PRE_MRNA",-0.0696096605803276,0.000120264272872654,"Mayo","DOWN: REACTOME_PROCESSING_OF_CAPPED_INTRON_CONTAINING_PRE_MRNA"
"135","REACTOME_PROCESSING_OF_CAPPED_INTRONLESS_PRE_MRNA","DOWN",-0.126655550349681,0.00075051256465435,"I45FvsI47F","DOWN: REACTOME_PROCESSING_OF_CAPPED_INTRONLESS_PRE_MRNA",-0.0661164510894166,0.000253658564220499,"Mayo","DOWN: REACTOME_PROCESSING_OF_CAPPED_INTRONLESS_PRE_MRNA"
"136","REACTOME_PROCESSING_OF_INTRONLESS_PRE_MRNAS","DOWN",-0.176165978540081,0.000182408305551758,"I45FvsI47F","DOWN: REACTOME_PROCESSING_OF_INTRONLESS_PRE_MRNAS",-0.0655069496284975,0.00344590368753115,"Mayo","DOWN: REACTOME_PROCESSING_OF_INTRONLESS_PRE_MRNAS"
"137","REACTOME_PROCESSIVE_SYNTHESIS_ON_THE_LAGGING_STRAND","DOWN",-0.162242616955498,0.00139218612805995,"I45FvsI47F","DOWN: REACTOME_PROCESSIVE_SYNTHESIS_ON_THE_LAGGING_STRAND",-0.119431587728725,7.16595728646493e-06,"Mayo","DOWN: REACTOME_PROCESSIVE_SYNTHESIS_ON_THE_LAGGING_STRAND"
"138","REACTOME_RECRUITMENT_OF_MITOTIC_CENTROSOME_PROTEINS_AND_COMPLEXES","DOWN",-0.171849811415999,6.13147357164636e-05,"I45FvsI47F","DOWN: REACTOME_RECRUITMENT_OF_MITOTIC_CENTROSOME_PROTEINS_AND_COMPLEXES",-0.118364855386497,5.2544685197931e-09,"Mayo","DOWN: REACTOME_RECRUITMENT_OF_MITOTIC_CENTROSOME_PROTEINS_AND_COMPLEXES"
"139","REACTOME_REGULATION_OF_GLUCOKINASE_BY_GLUCOKINASE_REGULATORY_PROTEIN","DOWN",-0.112207717437691,0.00157626019558071,"I45FvsI47F","DOWN: REACTOME_REGULATION_OF_GLUCOKINASE_BY_GLUCOKINASE_REGULATORY_PROTEIN",-0.146964850052356,1.23167766099781e-07,"Mayo","DOWN: REACTOME_REGULATION_OF_GLUCOKINASE_BY_GLUCOKINASE_REGULATORY_PROTEIN"
"140","REACTOME_REGULATORY_RNA_PATHWAYS","DOWN",-0.254770885687558,3.11562139621618e-05,"I45FvsI47F","DOWN: REACTOME_REGULATORY_RNA_PATHWAYS",-0.0991390751053824,0.0001451555919115,"Mayo","DOWN: REACTOME_REGULATORY_RNA_PATHWAYS"
"141","REACTOME_REPAIR_SYNTHESIS_FOR_GAP_FILLING_BY_DNA_POL_IN_TC_NER","DOWN",-0.255377017947404,0.000144035751140485,"I45FvsI47F","DOWN: REACTOME_REPAIR_SYNTHESIS_FOR_GAP_FILLING_BY_DNA_POL_IN_TC_NER",-0.0969946050021152,0.000222231019601785,"Mayo","DOWN: REACTOME_REPAIR_SYNTHESIS_FOR_GAP_FILLING_BY_DNA_POL_IN_TC_NER"
"142","REACTOME_RESOLUTION_OF_AP_SITES_VIA_THE_MULTIPLE_NUCLEOTIDE_PATCH_REPLACEMENT_PATHWAY","DOWN",-0.203206416816716,0.000261046973300986,"I45FvsI47F","DOWN: REACTOME_RESOLUTION_OF_AP_SITES_VIA_THE_MULTIPLE_NUCLEOTIDE_PATCH_REPLACEMENT_PATHWAY",-0.180645403332889,3.95760498672783e-08,"Mayo","DOWN: REACTOME_RESOLUTION_OF_AP_SITES_VIA_THE_MULTIPLE_NUCLEOTIDE_PATCH_REPLACEMENT_PATHWAY"
"143","REACTOME_RESOLUTION_OF_AP_SITES_VIA_THE_SINGLE_NUCLEOTIDE_REPLACEMENT_PATHWAY","DOWN",-0.160453486746897,0.000447771295884417,"I45FvsI47F","DOWN: REACTOME_RESOLUTION_OF_AP_SITES_VIA_THE_SINGLE_NUCLEOTIDE_REPLACEMENT_PATHWAY",-0.209520486241217,1.04588274373583e-07,"Mayo","DOWN: REACTOME_RESOLUTION_OF_AP_SITES_VIA_THE_SINGLE_NUCLEOTIDE_REPLACEMENT_PATHWAY"
"144","REACTOME_RNA_POL_I_RNA_POL_III_AND_MITOCHONDRIAL_TRANSCRIPTION","DOWN",-0.118753230027268,0.000321263967842136,"I45FvsI47F","DOWN: REACTOME_RNA_POL_I_RNA_POL_III_AND_MITOCHONDRIAL_TRANSCRIPTION",-0.0917787574081557,5.96266468897742e-05,"Mayo","DOWN: REACTOME_RNA_POL_I_RNA_POL_III_AND_MITOCHONDRIAL_TRANSCRIPTION"
"145","REACTOME_RNA_POL_I_TRANSCRIPTION_INITIATION","DOWN",-0.165578180313535,0.000659719982813562,"I45FvsI47F","DOWN: REACTOME_RNA_POL_I_TRANSCRIPTION_INITIATION",-0.140755806099514,1.14912083654609e-08,"Mayo","DOWN: REACTOME_RNA_POL_I_TRANSCRIPTION_INITIATION"
"146","REACTOME_RNA_POL_I_TRANSCRIPTION_TERMINATION","DOWN",-0.118547191972198,0.000812724731360287,"I45FvsI47F","DOWN: REACTOME_RNA_POL_I_TRANSCRIPTION_TERMINATION",-0.133475229310259,5.04863134105417e-08,"Mayo","DOWN: REACTOME_RNA_POL_I_TRANSCRIPTION_TERMINATION"
"147","REACTOME_RNA_POL_II_PRE_TRANSCRIPTION_EVENTS","DOWN",-0.134254655571894,0.000604310673585872,"I45FvsI47F","DOWN: REACTOME_RNA_POL_II_PRE_TRANSCRIPTION_EVENTS",-0.109539487359415,1.48663043663481e-09,"Mayo","DOWN: REACTOME_RNA_POL_II_PRE_TRANSCRIPTION_EVENTS"
"148","REACTOME_RNA_POL_II_TRANSCRIPTION","DOWN",-0.17353796221891,8.38335656021124e-05,"I45FvsI47F","DOWN: REACTOME_RNA_POL_II_TRANSCRIPTION",-0.10160787946639,1.4692401309454e-09,"Mayo","DOWN: REACTOME_RNA_POL_II_TRANSCRIPTION"
"149","REACTOME_RNA_POL_III_TRANSCRIPTION","DOWN",-0.122705933435405,0.00087414343009261,"I45FvsI47F","DOWN: REACTOME_RNA_POL_III_TRANSCRIPTION",-0.128706726055481,1.82477409501872e-07,"Mayo","DOWN: REACTOME_RNA_POL_III_TRANSCRIPTION"
"150","REACTOME_RNA_POL_III_TRANSCRIPTION_INITIATION_FROM_TYPE_3_PROMOTER","DOWN",-0.10611913634713,0.00166399589889359,"I45FvsI47F","DOWN: REACTOME_RNA_POL_III_TRANSCRIPTION_INITIATION_FROM_TYPE_3_PROMOTER",-0.153033006978388,2.48147806180265e-08,"Mayo","DOWN: REACTOME_RNA_POL_III_TRANSCRIPTION_INITIATION_FROM_TYPE_3_PROMOTER"
"151","REACTOME_SHC1_EVENTS_IN_EGFR_SIGNALING","UP",0.357909447706305,0.00131600503934346,"I45FvsI47F","UP: REACTOME_SHC1_EVENTS_IN_EGFR_SIGNALING",0.095615985943823,1.09552678574511e-08,"Mayo","UP: REACTOME_SHC1_EVENTS_IN_EGFR_SIGNALING"
"152","REACTOME_SIGNALING_BY_CONSTITUTIVELY_ACTIVE_EGFR","UP",0.11409582808399,0.00230599339287014,"I45FvsI47F","UP: REACTOME_SIGNALING_BY_CONSTITUTIVELY_ACTIVE_EGFR",0.107661351336152,3.15800624505383e-06,"Mayo","UP: REACTOME_SIGNALING_BY_CONSTITUTIVELY_ACTIVE_EGFR"
"153","REACTOME_SIGNALING_BY_ROBO_RECEPTOR","DOWN",-0.116332917492016,0.00154472608787728,"I45FvsI47F","DOWN: REACTOME_SIGNALING_BY_ROBO_RECEPTOR",-0.0463938684252307,0.00220556512977587,"Mayo","DOWN: REACTOME_SIGNALING_BY_ROBO_RECEPTOR"
"154","REACTOME_SIGNALLING_TO_ERKS","UP",0.251455260021552,6.12185720364545e-06,"I45FvsI47F","UP: REACTOME_SIGNALLING_TO_ERKS",0.0585045039435443,6.1569910470267e-05,"Mayo","UP: REACTOME_SIGNALLING_TO_ERKS"
"155","REACTOME_SYNTHESIS_OF_GLYCOSYLPHOSPHATIDYLINOSITOL_GPI","DOWN",-0.137519026627001,0.000632710913115208,"I45FvsI47F","DOWN: REACTOME_SYNTHESIS_OF_GLYCOSYLPHOSPHATIDYLINOSITOL_GPI",-0.111537887370267,7.45509715117804e-05,"Mayo","DOWN: REACTOME_SYNTHESIS_OF_GLYCOSYLPHOSPHATIDYLINOSITOL_GPI"
"156","REACTOME_TRANSCRIPTION","DOWN",-0.154831392560746,0.000134529147332872,"I45FvsI47F","DOWN: REACTOME_TRANSCRIPTION",-0.0872586020286032,1.71785312611578e-07,"Mayo","DOWN: REACTOME_TRANSCRIPTION"
"157","REACTOME_TRANSCRIPTION_COUPLED_NER_TC_NER","DOWN",-0.214295027999933,0.000165417932838678,"I45FvsI47F","DOWN: REACTOME_TRANSCRIPTION_COUPLED_NER_TC_NER",-0.142752642218192,8.74447768951326e-10,"Mayo","DOWN: REACTOME_TRANSCRIPTION_COUPLED_NER_TC_NER"
"158","REACTOME_TRANSPORT_OF_MATURE_MRNA_DERIVED_FROM_AN_INTRONLESS_TRANSCRIPT","DOWN",-0.175179262691587,0.000818823866087848,"I45FvsI47F","DOWN: REACTOME_TRANSPORT_OF_MATURE_MRNA_DERIVED_FROM_AN_INTRONLESS_TRANSCRIPT",-0.144358556011967,7.93905345479742e-08,"Mayo","DOWN: REACTOME_TRANSPORT_OF_MATURE_MRNA_DERIVED_FROM_AN_INTRONLESS_TRANSCRIPT"
"159","REACTOME_TRANSPORT_OF_MATURE_TRANSCRIPT_TO_CYTOPLASM","DOWN",-0.2486661124319,0.000274445020802258,"I45FvsI47F","DOWN: REACTOME_TRANSPORT_OF_MATURE_TRANSCRIPT_TO_CYTOPLASM",-0.119017270913024,1.79801812109471e-07,"Mayo","DOWN: REACTOME_TRANSPORT_OF_MATURE_TRANSCRIPT_TO_CYTOPLASM"
"160","REACTOME_TRANSPORT_OF_RIBONUCLEOPROTEINS_INTO_THE_HOST_NUCLEUS","DOWN",-0.114653938960205,0.00159811418546836,"I45FvsI47F","DOWN: REACTOME_TRANSPORT_OF_RIBONUCLEOPROTEINS_INTO_THE_HOST_NUCLEUS",-0.13656763614131,8.19308817797969e-07,"Mayo","DOWN: REACTOME_TRANSPORT_OF_RIBONUCLEOPROTEINS_INTO_THE_HOST_NUCLEUS"
"161","REACTOME_UNWINDING_OF_DNA","DOWN",-0.256619380517738,3.6460550562997e-05,"I45FvsI47F","DOWN: REACTOME_UNWINDING_OF_DNA",-0.20379475108458,6.54484015247694e-09,"Mayo","DOWN: REACTOME_UNWINDING_OF_DNA"
"162","REACTOME_YAP1_AND_WWTR1_TAZ_STIMULATED_GENE_EXPRESSION","UP",0.191417297050548,0.00139716665879997,"I45FvsI47F","UP: REACTOME_YAP1_AND_WWTR1_TAZ_STIMULATED_GENE_EXPRESSION",0.273987907921212,6.03452584621949e-14,"Mayo","UP: REACTOME_YAP1_AND_WWTR1_TAZ_STIMULATED_GENE_EXPRESSION"
"163","SA_G1_AND_S_PHASES","UP",0.386524256945138,0.000124671271959082,"I45FvsI47F","UP: SA_G1_AND_S_PHASES",0.0955992601687112,0.00222370575898687,"Mayo","UP: SA_G1_AND_S_PHASES"
"164","SA_TRKA_RECEPTOR","UP",0.31052611390445,6.67300200684472e-05,"I45FvsI47F","UP: SA_TRKA_RECEPTOR",0.148480041192703,1.57722212473839e-06,"Mayo","UP: SA_TRKA_RECEPTOR"
"165","ST_GA12_PATHWAY","DOWN",-0.203323194594125,5.94530745426975e-05,"I45FvsI47F","DOWN: ST_GA12_PATHWAY",-0.145903315135059,8.01706671738914e-10,"Mayo","DOWN: ST_GA12_PATHWAY"
"166","ST_P38_MAPK_PATHWAY","UP",0.122951430201609,0.000439247897608066,"I45FvsI47F","UP: ST_P38_MAPK_PATHWAY",0.0610498870757871,0.000292694359287893,"Mayo","UP: ST_P38_MAPK_PATHWAY"
