"","X","Direction","logFC.x","P.Value.x","adj.P.Val.x","assay.x","path_dir.x","logFC.y","P.Value.y","adj.P.Val.y","assay.y","path_dir.y","logFC","P.Value","adj.P.Val","assay","path_dir","display_name"
"1","BIOCARTA: AKAP95 PATHWAY","DOWN",-0.0907379399382298,0.00157964984661601,0.0059911627307604,"I45FvsI47F","DOWN: BIOCARTA_AKAP95_PATHWAY",-0.0642582133341683,0.00456430019392695,0.00986155370366699,"Mayo","DOWN: BIOCARTA_AKAP95_PATHWAY",-0.0984814772335756,0.000460787535913317,0.00204989131946228,"MSBB","DOWN: BIOCARTA_AKAP95_PATHWAY","(BioCarta) AKAP95 role in mitosis and chromosome dynamics"
"2","BIOCARTA: CALCINEURIN PATHWAY","UP",0.170443246411977,0.000327683248735548,0.00227557811621908,"I45FvsI47F","UP: BIOCARTA_CALCINEURIN_PATHWAY",0.117923531605736,1.84701486371689e-08,2.20895515014222e-07,"Mayo","UP: BIOCARTA_CALCINEURIN_PATHWAY",0.0849432838579138,0.00205259339769508,0.00670819629972973,"MSBB","UP: BIOCARTA_CALCINEURIN_PATHWAY","(BioCarta) Effects of calcineurin in Keratinocyte Differentiation"
"3","BIOCARTA: HER2 PATHWAY","UP",0.119310500838584,0.000547336301524893,0.00309423788550505,"I45FvsI47F","UP: BIOCARTA_HER2_PATHWAY",0.0904411748128542,2.01687090453498e-05,8.17799709236102e-05,"Mayo","UP: BIOCARTA_HER2_PATHWAY",0.0894231367412471,3.03652815764673e-05,0.00028499682488024,"MSBB","UP: BIOCARTA_HER2_PATHWAY","(BioCarta) Role of ERBB2 in Signal Transduction and Oncology"
"4","BIOCARTA: IL3 PATHWAY","UP",0.183568275102309,0.00236440921556622,0.0077100300507594,"I45FvsI47F","UP: BIOCARTA_IL3_PATHWAY",0.113066027111015,0.00090360336117677,0.00231002827164532,"Mayo","UP: BIOCARTA_IL3_PATHWAY",0.131403118917266,0.00137295907268586,0.00483844010554958,"MSBB","UP: BIOCARTA_IL3_PATHWAY","(BioCarta) IL 3 signaling pathway"
"5","BIOCARTA: MCALPAIN PATHWAY","UP",0.188154821814973,0.00241452801426107,0.00780558625299914,"I45FvsI47F","UP: BIOCARTA_MCALPAIN_PATHWAY",0.173286143716808,1.17018821906782e-10,3.95857957536087e-09,"Mayo","UP: BIOCARTA_MCALPAIN_PATHWAY",0.131862641012543,1.32455174337339e-06,4.84289231170897e-05,"MSBB","UP: BIOCARTA_MCALPAIN_PATHWAY","(BioCarta) mCalpain and friends in Cell motility"
"6","BIOCARTA: MCM PATHWAY","DOWN",-0.286155318184173,1.8862509120379e-05,0.000589815103050568,"I45FvsI47F","DOWN: BIOCARTA_MCM_PATHWAY",-0.19227520624476,8.1269471591659e-12,5.34572524247357e-10,"Mayo","DOWN: BIOCARTA_MCM_PATHWAY",-0.119860121447589,0.000467409817485641,0.00207147532749318,"MSBB","DOWN: BIOCARTA_MCM_PATHWAY","(BioCarta) CDK Regulation of DNA Replication"
"7","BIOCARTA: NDKDYNAMIN PATHWAY","DOWN",-0.188992602040721,0.00145485482151046,0.00564383335930782,"I45FvsI47F","DOWN: BIOCARTA_NDKDYNAMIN_PATHWAY",-0.0879663995510143,0.00172768176706332,0.0041576731955345,"Mayo","DOWN: BIOCARTA_NDKDYNAMIN_PATHWAY",-0.091090472947235,0.000557174888993766,0.00235870683719123,"MSBB","DOWN: BIOCARTA_NDKDYNAMIN_PATHWAY","(BioCarta) Endocytotic role of NDK, Phosphins and Dynamin"
"8","BIOCARTA: NFKB PATHWAY","UP",0.281526852555039,6.13330141492802e-06,0.000494172958876006,"I45FvsI47F","UP: BIOCARTA_NFKB_PATHWAY",0.207396850241096,4.36739581784003e-09,7.2830938708769e-08,"Mayo","UP: BIOCARTA_NFKB_PATHWAY",0.133613799442871,0.00262301426680879,0.00805492570122386,"MSBB","UP: BIOCARTA_NFKB_PATHWAY","(BioCarta) NF-kB Signaling Pathway"
"9","BIOCARTA: P27 PATHWAY","DOWN",-0.149896476629036,0.00106651305701454,0.00461471995823598,"I45FvsI47F","DOWN: BIOCARTA_P27_PATHWAY",-0.065794503492564,0.000191582643836251,0.000583120437794658,"Mayo","DOWN: BIOCARTA_P27_PATHWAY",-0.10802878582543,7.7183273779421e-06,0.000125955411640433,"MSBB","DOWN: BIOCARTA_P27_PATHWAY","(BioCarta) Regulation of p27 Phosphorylation during Cell Cycle Progression"
"10","BIOCARTA: PML PATHWAY","UP",0.122916335050886,0.00158166696092075,0.0059911627307604,"I45FvsI47F","UP: BIOCARTA_PML_PATHWAY",0.151078095004848,1.05292438058395e-05,4.65172562168433e-05,"Mayo","UP: BIOCARTA_PML_PATHWAY",0.157010705227766,0.00118920169673843,0.00434801870369988,"MSBB","UP: BIOCARTA_PML_PATHWAY","(BioCarta) Regulation of transcriptional activity by PML"
"11","BIOCARTA: TPO PATHWAY","UP",0.133755968698495,0.000333351203561063,0.00229708440627756,"I45FvsI47F","UP: BIOCARTA_TPO_PATHWAY",0.109281491078025,9.98302827589873e-05,0.000329245277957217,"Mayo","UP: BIOCARTA_TPO_PATHWAY",0.121282572165593,0.000106307455128317,0.00067232282432503,"MSBB","UP: BIOCARTA_TPO_PATHWAY","(BioCarta) TPO Signaling Pathway"
"12","KEGG: BASE EXCISION REPAIR","DOWN",-0.170624251158744,0.000281298875809318,0.00210974156856989,"I45FvsI47F","DOWN: KEGG_BASE_EXCISION_REPAIR",-0.102228986587885,2.34383285252478e-05,9.31240972278301e-05,"Mayo","DOWN: KEGG_BASE_EXCISION_REPAIR",-0.0841641586666688,0.000179644911772139,0.000971871277434034,"MSBB","DOWN: KEGG_BASE_EXCISION_REPAIR","(KEGG) Base excision repair"
"13","KEGG: DNA REPLICATION","DOWN",-0.237109779177343,1.22941856458192e-05,0.000535009744477005,"I45FvsI47F","DOWN: KEGG_DNA_REPLICATION",-0.132304974602151,3.80903921710997e-06,1.9029124190119e-05,"Mayo","DOWN: KEGG_DNA_REPLICATION",-0.0841719007390753,0.00265604871805896,0.00811377806822187,"MSBB","DOWN: KEGG_DNA_REPLICATION","(KEGG) DNA replication"
"14","KEGG: DORSO VENTRAL AXIS FORMATION","UP",0.101453292052491,0.00164210944766887,0.00609694101857255,"I45FvsI47F","UP: KEGG_DORSO_VENTRAL_AXIS_FORMATION",0.133337130150527,4.60310969165003e-08,4.57990073522154e-07,"Mayo","UP: KEGG_DORSO_VENTRAL_AXIS_FORMATION",0.0960035193036251,0.000770426488450042,0.00304526686313023,"MSBB","UP: KEGG_DORSO_VENTRAL_AXIS_FORMATION","(KEGG) Dorso-ventral axis formation"
"15","KEGG: GLYCEROPHOSPHOLIPID METABOLISM","DOWN",-0.176944891242394,0.00011225107537279,0.00125032138410286,"I45FvsI47F","DOWN: KEGG_GLYCEROPHOSPHOLIPID_METABOLISM",-0.0942396654990663,4.47577008578314e-08,4.49094218776885e-07,"Mayo","DOWN: KEGG_GLYCEROPHOSPHOLIPID_METABOLISM",-0.0656143334887249,0.00228450332629516,0.00726323068414495,"MSBB","DOWN: KEGG_GLYCEROPHOSPHOLIPID_METABOLISM","(KEGG) Glycerophospholipid metabolism"
"16","KEGG: RNA DEGRADATION","DOWN",-0.220438622224739,4.17253687769479e-05,0.000809328273690799,"I45FvsI47F","DOWN: KEGG_RNA_DEGRADATION",-0.0901002213607633,3.56471740323577e-07,2.41280359339117e-06,"Mayo","DOWN: KEGG_RNA_DEGRADATION",-0.0613687839714778,0.000195850910173042,0.00103218722929036,"MSBB","DOWN: KEGG_RNA_DEGRADATION","(KEGG) RNA degradation"
"17","KEGG: UBIQUITIN MEDIATED PROTEOLYSIS","DOWN",-0.089068800527804,0.00120594463829367,0.00500622774199401,"I45FvsI47F","DOWN: KEGG_UBIQUITIN_MEDIATED_PROTEOLYSIS",-0.0891895976704979,5.52973705524267e-11,2.42489210126197e-09,"Mayo","DOWN: KEGG_UBIQUITIN_MEDIATED_PROTEOLYSIS",-0.0624810246878845,2.86892046791011e-05,0.000280001920400981,"MSBB","DOWN: KEGG_UBIQUITIN_MEDIATED_PROTEOLYSIS","(KEGG) Ubiquitin mediated proteolysis"
"18","NABA: PROTEOGLYCANS","UP",0.225133916558972,2.47623688767562e-05,0.000663277737770254,"I45FvsI47F","UP: NABA_PROTEOGLYCANS",0.270725571425835,8.42648469792558e-11,3.21837351043351e-09,"Mayo","UP: NABA_PROTEOGLYCANS",0.224084630314959,7.87686025583058e-05,0.000551851886186933,"MSBB","UP: NABA_PROTEOGLYCANS","(Naba) Genes encoding proteoglycans"
"19","PID: A6B1 A6B4 INTEGRIN PATHWAY","UP",0.254663295662106,0.000152779675304952,0.00145658588744128,"I45FvsI47F","UP: PID_A6B1_A6B4_INTEGRIN_PATHWAY",0.141989857168964,7.71998386513555e-08,7.03112376640037e-07,"Mayo","UP: PID_A6B1_A6B4_INTEGRIN_PATHWAY",0.126586095416775,4.02626247809965e-05,0.000336480507098328,"MSBB","UP: PID_A6B1_A6B4_INTEGRIN_PATHWAY","(PID) a6b1 and a6b4 Integrin signaling"
"20","PID: ATR PATHWAY","DOWN",-0.0821027991606829,0.00324521503215512,0.00976167623308692,"I45FvsI47F","DOWN: PID_ATR_PATHWAY",-0.125942976267728,8.77184068209555e-11,3.24558105237535e-09,"Mayo","DOWN: PID_ATR_PATHWAY",-0.0809604589591804,0.000607375283263233,0.00250581850384125,"MSBB","DOWN: PID_ATR_PATHWAY","(PID) ATR signaling pathway"
"21","PID: DNA PK PATHWAY","DOWN",-0.162551694724052,0.00220343246709636,0.0073775640639387,"I45FvsI47F","DOWN: PID_DNA_PK_PATHWAY",-0.154283726000395,9.3771185619429e-12,5.5512541886702e-10,"Mayo","DOWN: PID_DNA_PK_PATHWAY",-0.0720908666091603,0.00166843542222618,0.00567462047675764,"MSBB","DOWN: PID_DNA_PK_PATHWAY","(PID) DNA-PK pathway in nonhomologous end joining"
"22","PID: ECADHERIN NASCENT AJ PATHWAY","UP",0.103116625169808,0.000996052861754796,0.00444362402957505,"I45FvsI47F","UP: PID_ECADHERIN_NASCENT_AJ_PATHWAY",0.0472582414908285,0.00307136517078767,0.00700673672873334,"Mayo","UP: PID_ECADHERIN_NASCENT_AJ_PATHWAY",0.0754796557939005,3.66652030803344e-05,0.000315697080979934,"MSBB","UP: PID_ECADHERIN_NASCENT_AJ_PATHWAY","(PID) E-cadherin signaling in the nascent adherens junction"
"23","PID: FGF PATHWAY","UP",0.163848471312226,0.000276337166462848,0.00210031912607423,"I45FvsI47F","UP: PID_FGF_PATHWAY",0.117314842011834,9.27724449058583e-09,1.32340451528357e-07,"Mayo","UP: PID_FGF_PATHWAY",0.0676083146796157,0.00148768025074386,0.00518031515884024,"MSBB","UP: PID_FGF_PATHWAY","(PID) FGF signaling pathway"
"24","PID: GLYPICAN 1PATHWAY","UP",0.212724780771291,0.00154087277866748,0.00591094166279573,"I45FvsI47F","UP: PID_GLYPICAN_1PATHWAY",0.296920657224912,2.16897713866537e-10,6.75807613731526e-09,"Mayo","UP: PID_GLYPICAN_1PATHWAY",0.172540404357178,0.00259867631152854,0.00800118759075894,"MSBB","UP: PID_GLYPICAN_1PATHWAY","(PID) Glypican 1 network"
"25","PID: GMCSF PATHWAY","UP",0.127723350778554,0.000944330498465099,0.00430110044847464,"I45FvsI47F","UP: PID_GMCSF_PATHWAY",0.0792858348312006,0.00371090281140358,0.00825885136974029,"Mayo","UP: PID_GMCSF_PATHWAY",0.105670929897089,0.00216310867152816,0.0069528493013405,"MSBB","UP: PID_GMCSF_PATHWAY","(PID) GMCSF-mediated signaling events"
"26","PID: IL3 PATHWAY","UP",0.0932470483715699,0.00292355953038248,0.00898635101551991,"I45FvsI47F","UP: PID_IL3_PATHWAY",0.0723766840363999,0.00249814661722897,0.0058110129563833,"Mayo","UP: PID_IL3_PATHWAY",0.117873086366772,0.000356130191523041,0.00166668929632783,"MSBB","UP: PID_IL3_PATHWAY","(PID) IL3-mediated signaling events"
"27","PID: INTEGRIN4 PATHWAY","UP",0.464724431255296,0.000441627745821175,0.00265685141202579,"I45FvsI47F","UP: PID_INTEGRIN4_PATHWAY",0.260798923389438,2.07515160239133e-09,3.96287015682473e-08,"Mayo","UP: PID_INTEGRIN4_PATHWAY",0.279306695860351,8.829784742685e-06,0.000134166859077162,"MSBB","UP: PID_INTEGRIN4_PATHWAY","(PID) Alpha6 beta4 integrin-ligand interactions"
"28","PID: NFAT 3PATHWAY","DOWN",-0.0890633217776995,0.00140756664463171,0.00553675690633105,"I45FvsI47F","DOWN: PID_NFAT_3PATHWAY",-0.0957006331728187,4.99701122168816e-06,2.45496318941028e-05,"Mayo","DOWN: PID_NFAT_3PATHWAY",-0.0836143109163765,0.00044399248494065,0.00199031113938912,"MSBB","DOWN: PID_NFAT_3PATHWAY","(PID) Role of Calcineurin-dependent NFAT signaling in lymphocytes"
"29","PID: PDGFRA PATHWAY","UP",0.266502048676924,1.23917329745836e-05,0.000535009744477005,"I45FvsI47F","UP: PID_PDGFRA_PATHWAY",0.177375409008796,6.20309066356489e-09,9.66376229692214e-08,"Mayo","UP: PID_PDGFRA_PATHWAY",0.128364265586603,0.000564291592241805,0.00237489626950688,"MSBB","UP: PID_PDGFRA_PATHWAY","(PID) PDGFR-alpha signaling pathway"
"30","PID: PTP1B PATHWAY","UP",0.130185520596436,0.00192308779423324,0.00679164647919103,"I45FvsI47F","UP: PID_PTP1B_PATHWAY",0.20409360033157,7.42538086613124e-12,5.17155937970552e-10,"Mayo","UP: PID_PTP1B_PATHWAY",0.170693411434605,1.58236770681108e-05,0.000190862908965873,"MSBB","UP: PID_PTP1B_PATHWAY","(PID) Signaling events mediated by PTP1B"
"31","REACTOME: ACTIVATED TAK1 MEDIATES P38 MAPK ACTIVATION","UP",0.264624837758388,5.12805950703115e-05,0.000848392197854419,"I45FvsI47F","UP: REACTOME_ACTIVATED_TAK1_MEDIATES_P38_MAPK_ACTIVATION",0.0928087493011041,1.14777811063334e-06,6.50224537315731e-06,"Mayo","UP: REACTOME_ACTIVATED_TAK1_MEDIATES_P38_MAPK_ACTIVATION",0.105439737641744,0.000206130617858131,0.0010766643879197,"MSBB","UP: REACTOME_ACTIVATED_TAK1_MEDIATES_P38_MAPK_ACTIVATION","(Reactome) activated TAK1 mediates p38 MAPK activation"
"32","REACTOME: ACTIVATION OF ATR IN RESPONSE TO REPLICATION STRESS","DOWN",-0.162699765166989,7.64729116440245e-05,0.00103653042890997,"I45FvsI47F","DOWN: REACTOME_ACTIVATION_OF_ATR_IN_RESPONSE_TO_REPLICATION_STRESS",-0.205543053063274,2.13970242686312e-12,1.94877513338918e-10,"Mayo","DOWN: REACTOME_ACTIVATION_OF_ATR_IN_RESPONSE_TO_REPLICATION_STRESS",-0.140337451902985,4.75398432026232e-05,0.000380598507630765,"MSBB","DOWN: REACTOME_ACTIVATION_OF_ATR_IN_RESPONSE_TO_REPLICATION_STRESS","(Reactome) Activation of ATR in response to replication stress"
"33","REACTOME: ACTIVATION OF THE PRE REPLICATIVE COMPLEX","DOWN",-0.236407114957992,2.0018425662385e-05,0.00059265075974166,"I45FvsI47F","DOWN: REACTOME_ACTIVATION_OF_THE_PRE_REPLICATIVE_COMPLEX",-0.18457086213737,3.09580006327827e-10,8.52424947656156e-09,"Mayo","DOWN: REACTOME_ACTIVATION_OF_THE_PRE_REPLICATIVE_COMPLEX",-0.104976128353231,0.000609047993428412,0.00250581850384125,"MSBB","DOWN: REACTOME_ACTIVATION_OF_THE_PRE_REPLICATIVE_COMPLEX","(Reactome) Activation of the pre-replicative complex"
"34","REACTOME: ANTIGEN PROCESSING UBIQUITINATION PROTEASOME DEGRADATION","DOWN",-0.106662544520028,0.00050315986206368,0.00288803492255939,"I45FvsI47F","DOWN: REACTOME_ANTIGEN_PROCESSING_UBIQUITINATION_PROTEASOME_DEGRADATION",-0.0726366228576345,1.56734148356197e-08,1.94226927539045e-07,"Mayo","DOWN: REACTOME_ANTIGEN_PROCESSING_UBIQUITINATION_PROTEASOME_DEGRADATION",-0.0872945478426945,2.2246970895605e-07,2.76714424114059e-05,"MSBB","DOWN: REACTOME_ANTIGEN_PROCESSING_UBIQUITINATION_PROTEASOME_DEGRADATION","(Reactome) Antigen processing: Ubiquitination & Proteasome degradation"
"35","REACTOME: APC C CDC20 MEDIATED DEGRADATION OF CYCLIN B","DOWN",-0.142469128647239,9.36207103566077e-05,0.00110866630685456,"I45FvsI47F","DOWN: REACTOME_APC_C_CDC20_MEDIATED_DEGRADATION_OF_CYCLIN_B",-0.125915286268143,8.4887656633601e-08,7.59586969909259e-07,"Mayo","DOWN: REACTOME_APC_C_CDC20_MEDIATED_DEGRADATION_OF_CYCLIN_B",-0.133400217544939,2.78571232235137e-06,7.24285203811356e-05,"MSBB","DOWN: REACTOME_APC_C_CDC20_MEDIATED_DEGRADATION_OF_CYCLIN_B","(Reactome) APC/C:Cdc20 mediated degradation of Cyclin B"
"36","REACTOME: APC CDC20 MEDIATED DEGRADATION OF NEK2A","DOWN",-0.223477935977634,1.88740832976182e-05,0.000589815103050568,"I45FvsI47F","DOWN: REACTOME_APC_CDC20_MEDIATED_DEGRADATION_OF_NEK2A",-0.121390893149432,9.42424154335351e-07,5.46975587614243e-06,"Mayo","DOWN: REACTOME_APC_CDC20_MEDIATED_DEGRADATION_OF_NEK2A",-0.12388729853837,5.53296831263294e-06,0.000116496867074832,"MSBB","DOWN: REACTOME_APC_CDC20_MEDIATED_DEGRADATION_OF_NEK2A","(Reactome) APC-Cdc20 mediated degradation of Nek2A"
"37","REACTOME: ASSOCIATION OF LICENSING FACTORS WITH THE PRE REPLICATIVE COMPLEX","DOWN",-0.172117903037417,0.000410506967913478,0.00254491806596553,"I45FvsI47F","DOWN: REACTOME_ASSOCIATION_OF_LICENSING_FACTORS_WITH_THE_PRE_REPLICATIVE_COMPLEX",-0.152141638461256,8.92836938171524e-09,1.28916943267693e-07,"Mayo","DOWN: REACTOME_ASSOCIATION_OF_LICENSING_FACTORS_WITH_THE_PRE_REPLICATIVE_COMPLEX",-0.105177700271729,0.00088573201718735,0.00340561863753913,"MSBB","DOWN: REACTOME_ASSOCIATION_OF_LICENSING_FACTORS_WITH_THE_PRE_REPLICATIVE_COMPLEX","(Reactome) Association of licensing factors with the pre-replicative complex"
"38","REACTOME: BASE EXCISION REPAIR","DOWN",-0.195222457286228,0.000259351547166991,0.00204374092090778,"I45FvsI47F","DOWN: REACTOME_BASE_EXCISION_REPAIR",-0.180976923329702,6.3197157297628e-08,6.0833686374302e-07,"Mayo","DOWN: REACTOME_BASE_EXCISION_REPAIR",-0.139108898527875,6.86718537874651e-06,0.000121736468077779,"MSBB","DOWN: REACTOME_BASE_EXCISION_REPAIR","(Reactome) Base Excision Repair"
"39","REACTOME: CELL CYCLE","DOWN",-0.110473442888317,0.000426067527685882,0.00261926758823288,"I45FvsI47F","DOWN: REACTOME_CELL_CYCLE",-0.086671470106766,8.24921196555363e-10,1.8782821090799e-08,"Mayo","DOWN: REACTOME_CELL_CYCLE",-0.0446609305045,0.00181719342596184,0.0060401031487936,"MSBB","DOWN: REACTOME_CELL_CYCLE","(Reactome) Cell Cycle"
"40","REACTOME: CELL CYCLE MITOTIC","DOWN",-0.101166445349936,0.000618842048504182,0.00331428056852537,"I45FvsI47F","DOWN: REACTOME_CELL_CYCLE_MITOTIC",-0.0914551741301154,3.61221212882045e-10,9.5041314678298e-09,"Mayo","DOWN: REACTOME_CELL_CYCLE_MITOTIC",-0.0516780579181418,0.00021110444828075,0.0010977431310599,"MSBB","DOWN: REACTOME_CELL_CYCLE_MITOTIC","(Reactome) Cell Cycle, Mitotic"
"41","REACTOME: CELL EXTRACELLULAR MATRIX INTERACTIONS","UP",0.522285167696254,0.000372582756181255,0.00245120234329773,"I45FvsI47F","UP: REACTOME_CELL_EXTRACELLULAR_MATRIX_INTERACTIONS",0.25108263552435,6.11145362823382e-14,1.44719221916577e-11,"Mayo","UP: REACTOME_CELL_EXTRACELLULAR_MATRIX_INTERACTIONS",0.169136245820348,0.000303361949016515,0.00144870808305846,"MSBB","UP: REACTOME_CELL_EXTRACELLULAR_MATRIX_INTERACTIONS","(Reactome) Cell-extracellular matrix interactions"
"42","REACTOME: CLASS I MHC MEDIATED ANTIGEN PROCESSING PRESENTATION","DOWN",-0.0901137089361045,0.00142516898362602,0.00556711625385941,"I45FvsI47F","DOWN: REACTOME_CLASS_I_MHC_MEDIATED_ANTIGEN_PROCESSING_PRESENTATION",-0.0459463598924286,1.37407852858857e-06,7.7104690893311e-06,"Mayo","DOWN: REACTOME_CLASS_I_MHC_MEDIATED_ANTIGEN_PROCESSING_PRESENTATION",-0.0569006750471624,5.57591842409451e-06,0.000116496867074832,"MSBB","DOWN: REACTOME_CLASS_I_MHC_MEDIATED_ANTIGEN_PROCESSING_PRESENTATION","(Reactome) Class I MHC mediated antigen processing & presentation"
"43","REACTOME: CONVERSION FROM APC C CDC20 TO APC C CDH1 IN LATE ANAPHASE","DOWN",-0.164976797804249,0.000150990004777141,0.00145182696901097,"I45FvsI47F","DOWN: REACTOME_CONVERSION_FROM_APC_C_CDC20_TO_APC_C_CDH1_IN_LATE_ANAPHASE",-0.113775244795518,7.5232756820285e-06,3.38690433746074e-05,"Mayo","DOWN: REACTOME_CONVERSION_FROM_APC_C_CDC20_TO_APC_C_CDH1_IN_LATE_ANAPHASE",-0.128789524946473,1.02172646489437e-05,0.00014578292243005,"MSBB","DOWN: REACTOME_CONVERSION_FROM_APC_C_CDC20_TO_APC_C_CDH1_IN_LATE_ANAPHASE","(Reactome) Conversion from APC/C:Cdc20 to APC/C:Cdh1 in late anaphase"
"44","REACTOME: CS DS DEGRADATION","UP",0.382797841770538,7.78094493071955e-06,0.000514915473356441,"I45FvsI47F","UP: REACTOME_CS_DS_DEGRADATION",0.274821705884799,6.41763104437549e-11,2.71374112733592e-09,"Mayo","UP: REACTOME_CS_DS_DEGRADATION",0.177928138977896,0.000265066889462942,0.001297607785237,"MSBB","UP: REACTOME_CS_DS_DEGRADATION","(Reactome) CS/DS degradation"
"45","REACTOME: DEADENYLATION DEPENDENT MRNA DECAY","DOWN",-0.245499029848918,0.000334863860115129,0.00229708440627756,"I45FvsI47F","DOWN: REACTOME_DEADENYLATION_DEPENDENT_MRNA_DECAY",-0.107723633558524,2.51916319978123e-07,1.80769044153998e-06,"Mayo","DOWN: REACTOME_DEADENYLATION_DEPENDENT_MRNA_DECAY",-0.0573855446104241,0.00115861880061037,0.00427629021045466,"MSBB","DOWN: REACTOME_DEADENYLATION_DEPENDENT_MRNA_DECAY","(Reactome) Deadenylation-dependent mRNA decay"
"46","REACTOME: DNA REPAIR","DOWN",-0.148581194018606,0.00119743032446863,0.00498929301861929,"I45FvsI47F","DOWN: REACTOME_DNA_REPAIR",-0.138754380339529,3.84900703056691e-09,6.51032046313032e-08,"Mayo","DOWN: REACTOME_DNA_REPAIR",-0.0726497381076563,0.000602975605952911,0.00250170730129399,"MSBB","DOWN: REACTOME_DNA_REPAIR","(Reactome) DNA Repair"
"47","REACTOME: DNA REPLICATION","DOWN",-0.113241944909113,0.000347845181184315,0.00235738451103828,"I45FvsI47F","DOWN: REACTOME_DNA_REPLICATION",-0.0829623519327329,1.17993067627535e-08,1.56970552888766e-07,"Mayo","DOWN: REACTOME_DNA_REPLICATION",-0.0634829979546979,9.55825712223327e-05,0.000614459386429281,"MSBB","DOWN: REACTOME_DNA_REPLICATION","(Reactome) DNA Replication"
"48","REACTOME: DNA STRAND ELONGATION","DOWN",-0.206640520419183,2.3496063048041e-05,0.000644709047049905,"I45FvsI47F","DOWN: REACTOME_DNA_STRAND_ELONGATION",-0.158607679725119,1.04769291424026e-08,1.44240512844241e-07,"Mayo","DOWN: REACTOME_DNA_STRAND_ELONGATION",-0.0931867007592055,0.00110093672917225,0.00407625307953018,"MSBB","DOWN: REACTOME_DNA_STRAND_ELONGATION","(Reactome) DNA strand elongation"
"49","REACTOME: ENDOSOMAL SORTING COMPLEX REQUIRED FOR TRANSPORT ESCRT","DOWN",-0.0951357698755999,0.000987607665176376,0.00444362402957505,"I45FvsI47F","DOWN: REACTOME_ENDOSOMAL_SORTING_COMPLEX_REQUIRED_FOR_TRANSPORT_ESCRT",-0.081288569564107,0.000363228187638846,0.00103879752213622,"Mayo","DOWN: REACTOME_ENDOSOMAL_SORTING_COMPLEX_REQUIRED_FOR_TRANSPORT_ESCRT",-0.0970075060545582,2.79592615814974e-05,0.000280001920400981,"MSBB","DOWN: REACTOME_ENDOSOMAL_SORTING_COMPLEX_REQUIRED_FOR_TRANSPORT_ESCRT","(Reactome) Endosomal Sorting Complex Required For Transport (ESCRT)"
"50","REACTOME: EXTENSION OF TELOMERES","DOWN",-0.24851615456726,4.3101376972882e-05,0.000810947116445497,"I45FvsI47F","DOWN: REACTOME_EXTENSION_OF_TELOMERES",-0.12227208884893,7.49291171040435e-07,4.50335404320749e-06,"Mayo","DOWN: REACTOME_EXTENSION_OF_TELOMERES",-0.114074626518113,3.61093527370454e-05,0.000315697080979934,"MSBB","DOWN: REACTOME_EXTENSION_OF_TELOMERES","(Reactome) Extension of Telomeres"
"51","REACTOME: FORMATION OF TRANSCRIPTION COUPLED NER TC NER REPAIR COMPLEX","DOWN",-0.171598910661977,0.000410627715765115,0.00254491806596553,"I45FvsI47F","DOWN: REACTOME_FORMATION_OF_TRANSCRIPTION_COUPLED_NER_TC_NER_REPAIR_COMPLEX",-0.154266281186733,2.61285647377328e-10,7.54541967060381e-09,"Mayo","DOWN: REACTOME_FORMATION_OF_TRANSCRIPTION_COUPLED_NER_TC_NER_REPAIR_COMPLEX",-0.117160737768224,8.34549293884774e-05,0.000561564633150048,"MSBB","DOWN: REACTOME_FORMATION_OF_TRANSCRIPTION_COUPLED_NER_TC_NER_REPAIR_COMPLEX","(Reactome) Formation of transcription-coupled NER (TC-NER) repair complex"
"52","REACTOME: G1 S TRANSITION","DOWN",-0.111874001064365,0.0017988124928956,0.00648610273880626,"I45FvsI47F","DOWN: REACTOME_G1_S_TRANSITION",-0.0884410098657151,3.89406979764225e-08,4.04436722842844e-07,"Mayo","DOWN: REACTOME_G1_S_TRANSITION",-0.0884014825462923,1.67040931398567e-05,0.000199426418098289,"MSBB","DOWN: REACTOME_G1_S_TRANSITION","(Reactome) G1/S Transition"
"53","REACTOME: G2 M CHECKPOINTS","DOWN",-0.161703543531519,9.7011781217409e-05,0.00113685681114151,"I45FvsI47F","DOWN: REACTOME_G2_M_CHECKPOINTS",-0.197867158436013,2.06767531312773e-13,2.81794991800782e-11,"Mayo","DOWN: REACTOME_G2_M_CHECKPOINTS",-0.12796223869694,5.77147612364306e-05,0.000430103634691872,"MSBB","DOWN: REACTOME_G2_M_CHECKPOINTS","(Reactome) G2/M Checkpoints"
"54","REACTOME: GLOBAL GENOMIC NER GG NER","DOWN",-0.170923466104492,0.00205396764723312,0.00704485854615018,"I45FvsI47F","DOWN: REACTOME_GLOBAL_GENOMIC_NER_GG_NER",-0.143938000856477,8.53252255050096e-08,7.59586969909259e-07,"Mayo","DOWN: REACTOME_GLOBAL_GENOMIC_NER_GG_NER",-0.0755383335305777,0.00146411972354343,0.00511349276580841,"MSBB","DOWN: REACTOME_GLOBAL_GENOMIC_NER_GG_NER","(Reactome) Global Genomic NER (GG-NER)"
"55","REACTOME: GLYCOGEN BREAKDOWN GLYCOGENOLYSIS","UP",0.262418427709788,8.17771899382486e-05,0.00107377528468359,"I45FvsI47F","UP: REACTOME_GLYCOGEN_BREAKDOWN_GLYCOGENOLYSIS",0.184829155791553,2.00814739630265e-07,1.47679907902009e-06,"Mayo","UP: REACTOME_GLYCOGEN_BREAKDOWN_GLYCOGENOLYSIS",0.144810130414152,0.000148774080680293,0.000858651834610922,"MSBB","UP: REACTOME_GLYCOGEN_BREAKDOWN_GLYCOGENOLYSIS","(Reactome) Glycogen breakdown (glycogenolysis)"
"56","REACTOME: HIV LIFE CYCLE","DOWN",-0.104576237759619,0.00208396582547474,0.00712602295945011,"I45FvsI47F","DOWN: REACTOME_HIV_LIFE_CYCLE",-0.0962727173647757,2.22977847806535e-09,4.19056780639583e-08,"Mayo","DOWN: REACTOME_HIV_LIFE_CYCLE",-0.0664124368217303,0.000298406133410199,0.00143088186922104,"MSBB","DOWN: REACTOME_HIV_LIFE_CYCLE","(Reactome) HIV Life Cycle"
"57","REACTOME: INHIBITION OF THE PROTEOLYTIC ACTIVITY OF APC C REQUIRED FOR THE ONSET OF ANAPHASE BY MITOTIC SPINDLE CHECKPOINT COMPONENTS","DOWN",-0.220265426315266,5.10997926924255e-05,0.000848392197854419,"I45FvsI47F","DOWN: REACTOME_INHIBITION_OF_THE_PROTEOLYTIC_ACTIVITY_OF_APC_C_REQUIRED_FOR_THE_ONSET_OF_ANAPHASE_BY_MITOTIC_SPINDLE_CHECKPOINT_COMPONENTS",-0.140508215145214,2.93551764517743e-07,2.0316169634937e-06,"Mayo","DOWN: REACTOME_INHIBITION_OF_THE_PROTEOLYTIC_ACTIVITY_OF_APC_C_REQUIRED_FOR_THE_ONSET_OF_ANAPHASE_BY_MITOTIC_SPINDLE_CHECKPOINT_COMPONENTS",-0.147826170678293,2.65087707060894e-06,7.21285156421501e-05,"MSBB","DOWN: REACTOME_INHIBITION_OF_THE_PROTEOLYTIC_ACTIVITY_OF_APC_C_REQUIRED_FOR_THE_ONSET_OF_ANAPHASE_BY_MITOTIC_SPINDLE_CHECKPOINT_COMPONENTS","(Reactome) Inhibition of the proteolytic activity of APC/C required for the onset of anaphase by mitotic spindle checkpoint components"
"58","REACTOME: ION CHANNEL TRANSPORT","DOWN",-0.277819651578732,0.000457121920207675,0.00267844875121685,"I45FvsI47F","DOWN: REACTOME_ION_CHANNEL_TRANSPORT",-0.180717353894748,1.12591724515516e-05,4.93735562319892e-05,"Mayo","DOWN: REACTOME_ION_CHANNEL_TRANSPORT",-0.204851290704506,2.87309614736633e-05,0.000280001920400981,"MSBB","DOWN: REACTOME_ION_CHANNEL_TRANSPORT","(Reactome) Ion channel transport"
"59","REACTOME: LAGGING STRAND SYNTHESIS","DOWN",-0.177705390888442,0.000261598837876196,0.00204374092090778,"I45FvsI47F","DOWN: REACTOME_LAGGING_STRAND_SYNTHESIS",-0.134825010588559,3.30227422265726e-07,2.26005357203827e-06,"Mayo","DOWN: REACTOME_LAGGING_STRAND_SYNTHESIS",-0.102746245205534,0.000225844419383944,0.00113895677016903,"MSBB","DOWN: REACTOME_LAGGING_STRAND_SYNTHESIS","(Reactome) Lagging Strand Synthesis"
"60","REACTOME: LATE PHASE OF HIV LIFE CYCLE","DOWN",-0.115925697897971,0.000756760516906991,0.00370154600661028,"I45FvsI47F","DOWN: REACTOME_LATE_PHASE_OF_HIV_LIFE_CYCLE",-0.106106962072853,3.20981479453938e-09,5.6722697264696e-08,"Mayo","DOWN: REACTOME_LATE_PHASE_OF_HIV_LIFE_CYCLE",-0.0761290908774011,0.00017288833929239,0.000945230640056525,"MSBB","DOWN: REACTOME_LATE_PHASE_OF_HIV_LIFE_CYCLE","(Reactome) Late Phase of HIV Life Cycle"
"61","REACTOME: M G1 TRANSITION","DOWN",-0.127719647095996,0.00201123259819619,0.0069898363195603,"I45FvsI47F","DOWN: REACTOME_M_G1_TRANSITION",-0.102739790871375,1.82091893574189e-06,9.88976155925872e-06,"Mayo","DOWN: REACTOME_M_G1_TRANSITION",-0.106630761126295,3.64631534126517e-05,0.000315697080979934,"MSBB","DOWN: REACTOME_M_G1_TRANSITION","(Reactome) M/G1 Transition"
"62","REACTOME: METABOLISM OF NON CODING RNA","DOWN",-0.124048253818432,0.0012752101553895,0.00523580811975615,"I45FvsI47F","DOWN: REACTOME_METABOLISM_OF_NON_CODING_RNA",-0.128737737385337,2.94752483336708e-07,2.0316169634937e-06,"Mayo","DOWN: REACTOME_METABOLISM_OF_NON_CODING_RNA",-0.0751763864941224,0.000518877737821896,0.00224847019722822,"MSBB","DOWN: REACTOME_METABOLISM_OF_NON_CODING_RNA","(Reactome) Metabolism of non-coding RNA"
"63","REACTOME: MITOTIC M M G1 PHASES","DOWN",-0.131525715654759,0.000130548744222944,0.00136288458785384,"I45FvsI47F","DOWN: REACTOME_MITOTIC_M_M_G1_PHASES",-0.0839499171436079,6.52637857467459e-08,6.18314772553457e-07,"Mayo","DOWN: REACTOME_MITOTIC_M_M_G1_PHASES",-0.0607410183566366,0.000502370732401834,0.00219318566011248,"MSBB","DOWN: REACTOME_MITOTIC_M_M_G1_PHASES","(Reactome) Mitotic M-M/G1 phases"
"64","REACTOME: MRNA CAPPING","DOWN",-0.135714791357273,0.000583998158885026,0.00320486794510075,"I45FvsI47F","DOWN: REACTOME_MRNA_CAPPING",-0.149922750345274,2.27395930797265e-10,6.90350723240927e-09,"Mayo","DOWN: REACTOME_MRNA_CAPPING",-0.0882939979679655,0.00207219039252244,0.00673461877569793,"MSBB","DOWN: REACTOME_MRNA_CAPPING","(Reactome) mRNA Capping"
"65","REACTOME: MRNA DECAY BY 3 TO 5 EXORIBONUCLEASE","DOWN",-0.212403750536953,6.31218785767714e-05,0.000934369913142998,"I45FvsI47F","DOWN: REACTOME_MRNA_DECAY_BY_3_TO_5_EXORIBONUCLEASE",-0.235280776815058,5.58119434536231e-08,5.42478950119049e-07,"Mayo","DOWN: REACTOME_MRNA_DECAY_BY_3_TO_5_EXORIBONUCLEASE",-0.127149287563242,0.00035317690484212,0.00165950593841478,"MSBB","DOWN: REACTOME_MRNA_DECAY_BY_3_TO_5_EXORIBONUCLEASE","(Reactome) mRNA Decay by 3' to 5' Exoribonuclease"
"66","REACTOME: MRNA DECAY BY 5 TO 3 EXORIBONUCLEASE","DOWN",-0.276044994219828,0.000161297035047509,0.00147694582891677,"I45FvsI47F","DOWN: REACTOME_MRNA_DECAY_BY_5_TO_3_EXORIBONUCLEASE",-0.0800045952172526,0.000440571988001191,0.00121877858362946,"Mayo","DOWN: REACTOME_MRNA_DECAY_BY_5_TO_3_EXORIBONUCLEASE",-0.115124724652853,2.58779927856093e-06,7.21285156421501e-05,"MSBB","DOWN: REACTOME_MRNA_DECAY_BY_5_TO_3_EXORIBONUCLEASE","(Reactome) mRNA Decay by 5' to 3' Exoribonuclease"
"67","REACTOME: NUCLEOTIDE EXCISION REPAIR","DOWN",-0.166327365412643,0.00223503150854464,0.00741713996198443,"I45FvsI47F","DOWN: REACTOME_NUCLEOTIDE_EXCISION_REPAIR",-0.131758370514157,2.9872115047518e-08,3.21532583784193e-07,"Mayo","DOWN: REACTOME_NUCLEOTIDE_EXCISION_REPAIR",-0.0833023471150806,0.000762811573047197,0.00302538827276346,"MSBB","DOWN: REACTOME_NUCLEOTIDE_EXCISION_REPAIR","(Reactome) Nucleotide Excision Repair"
"68","REACTOME: PHOSPHORYLATION OF THE APC C","DOWN",-0.14363101663625,0.000132549426356544,0.00136347108783316,"I45FvsI47F","DOWN: REACTOME_PHOSPHORYLATION_OF_THE_APC_C",-0.148320254672425,1.57481292599226e-08,1.94226927539045e-07,"Mayo","DOWN: REACTOME_PHOSPHORYLATION_OF_THE_APC_C",-0.158386401756927,9.1520021978937e-07,3.69235950742608e-05,"MSBB","DOWN: REACTOME_PHOSPHORYLATION_OF_THE_APC_C","(Reactome) Phosphorylation of the APC/C"
"69","REACTOME: POL SWITCHING","DOWN",-0.19358212227755,0.00013380685979318,0.00136347108783316,"I45FvsI47F","DOWN: REACTOME_POL_SWITCHING",-0.119120187788435,1.11072751807388e-06,6.32260279518976e-06,"Mayo","DOWN: REACTOME_POL_SWITCHING",-0.077693705991994,0.0012351451290955,0.00448794969267619,"MSBB","DOWN: REACTOME_POL_SWITCHING","(Reactome) Polymerase switching"
"70","REACTOME: PROCESSING OF CAPPED INTRONLESS PRE MRNA","DOWN",-0.126655550349681,0.00075051256465435,0.00369813183892181,"I45FvsI47F","DOWN: REACTOME_PROCESSING_OF_CAPPED_INTRONLESS_PRE_MRNA",-0.0661164510894166,0.000253658564220499,0.00074709388068923,"Mayo","DOWN: REACTOME_PROCESSING_OF_CAPPED_INTRONLESS_PRE_MRNA",-0.0690338408996181,0.00252526193285738,0.00783701979162636,"MSBB","DOWN: REACTOME_PROCESSING_OF_CAPPED_INTRONLESS_PRE_MRNA","(Reactome) Processing of Capped Intronless Pre-mRNA"
"71","REACTOME: REPAIR SYNTHESIS FOR GAP FILLING BY DNA POL IN TC NER","DOWN",-0.255377017947404,0.000144035751140485,0.0014090453915917,"I45FvsI47F","DOWN: REACTOME_REPAIR_SYNTHESIS_FOR_GAP_FILLING_BY_DNA_POL_IN_TC_NER",-0.0969946050021152,0.000222231019601785,0.000657803818021283,"Mayo","DOWN: REACTOME_REPAIR_SYNTHESIS_FOR_GAP_FILLING_BY_DNA_POL_IN_TC_NER",-0.0838417634175579,0.00190169169884666,0.00630305747209801,"MSBB","DOWN: REACTOME_REPAIR_SYNTHESIS_FOR_GAP_FILLING_BY_DNA_POL_IN_TC_NER","(Reactome) Repair synthesis for gap-filling by DNA polymerase in TC-NER"
"72","REACTOME: RESOLUTION OF AP SITES VIA THE MULTIPLE NUCLEOTIDE PATCH REPLACEMENT PATHWAY","DOWN",-0.203206416816716,0.000261046973300986,0.00204374092090778,"I45FvsI47F","DOWN: REACTOME_RESOLUTION_OF_AP_SITES_VIA_THE_MULTIPLE_NUCLEOTIDE_PATCH_REPLACEMENT_PATHWAY",-0.180645403332889,3.95760498672783e-08,4.07461243850935e-07,"Mayo","DOWN: REACTOME_RESOLUTION_OF_AP_SITES_VIA_THE_MULTIPLE_NUCLEOTIDE_PATCH_REPLACEMENT_PATHWAY",-0.136619832046187,9.76775158844973e-06,0.000143305829278777,"MSBB","DOWN: REACTOME_RESOLUTION_OF_AP_SITES_VIA_THE_MULTIPLE_NUCLEOTIDE_PATCH_REPLACEMENT_PATHWAY","(Reactome) Resolution of AP sites via the multiple-nucleotide patch replacement pathway"
"73","REACTOME: RESOLUTION OF AP SITES VIA THE SINGLE NUCLEOTIDE REPLACEMENT PATHWAY","DOWN",-0.160453486746897,0.000447771295884417,0.00266481216097797,"I45FvsI47F","DOWN: REACTOME_RESOLUTION_OF_AP_SITES_VIA_THE_SINGLE_NUCLEOTIDE_REPLACEMENT_PATHWAY",-0.209520486241217,1.04588274373583e-07,8.84517977559444e-07,"Mayo","DOWN: REACTOME_RESOLUTION_OF_AP_SITES_VIA_THE_SINGLE_NUCLEOTIDE_REPLACEMENT_PATHWAY",-0.175258042761755,4.62934261283001e-06,0.000108326617140222,"MSBB","DOWN: REACTOME_RESOLUTION_OF_AP_SITES_VIA_THE_SINGLE_NUCLEOTIDE_REPLACEMENT_PATHWAY","(Reactome) Resolution of AP sites via the single-nucleotide replacement pathway"
"74","REACTOME: RNA POL I RNA POL III AND MITOCHONDRIAL TRANSCRIPTION","DOWN",-0.118753230027268,0.000321263967842136,0.00225888727389002,"I45FvsI47F","DOWN: REACTOME_RNA_POL_I_RNA_POL_III_AND_MITOCHONDRIAL_TRANSCRIPTION",-0.0917787574081557,5.96266468897742e-05,0.000211444819284043,"Mayo","DOWN: REACTOME_RNA_POL_I_RNA_POL_III_AND_MITOCHONDRIAL_TRANSCRIPTION",-0.0957043753870631,0.00180160086092858,0.00601199079456168,"MSBB","DOWN: REACTOME_RNA_POL_I_RNA_POL_III_AND_MITOCHONDRIAL_TRANSCRIPTION","(Reactome) RNA Polymerase I, RNA Polymerase III, and Mitochondrial Transcription"
"75","REACTOME: RNA POL I TRANSCRIPTION INITIATION","DOWN",-0.165578180313535,0.000659719982813562,0.00340451825993237,"I45FvsI47F","DOWN: REACTOME_RNA_POL_I_TRANSCRIPTION_INITIATION",-0.140755806099514,1.14912083654609e-08,1.54608985280746e-07,"Mayo","DOWN: REACTOME_RNA_POL_I_TRANSCRIPTION_INITIATION",-0.100851816627238,0.000589192181896089,0.00245322011679154,"MSBB","DOWN: REACTOME_RNA_POL_I_TRANSCRIPTION_INITIATION","(Reactome) RNA Polymerase I Transcription Initiation"
"76","REACTOME: RNA POL II PRE TRANSCRIPTION EVENTS","DOWN",-0.134254655571894,0.000604310673585872,0.00326850724896205,"I45FvsI47F","DOWN: REACTOME_RNA_POL_II_PRE_TRANSCRIPTION_EVENTS",-0.109539487359415,1.48663043663481e-09,3.0597646789865e-08,"Mayo","DOWN: REACTOME_RNA_POL_II_PRE_TRANSCRIPTION_EVENTS",-0.0763572397284947,0.000653483606086142,0.00265477714972495,"MSBB","DOWN: REACTOME_RNA_POL_II_PRE_TRANSCRIPTION_EVENTS","(Reactome) RNA Polymerase II Pre-transcription Events"
"77","REACTOME: RNA POL II TRANSCRIPTION","DOWN",-0.17353796221891,8.38335656021124e-05,0.00108405472761352,"I45FvsI47F","DOWN: REACTOME_RNA_POL_II_TRANSCRIPTION",-0.10160787946639,1.4692401309454e-09,3.0597646789865e-08,"Mayo","DOWN: REACTOME_RNA_POL_II_TRANSCRIPTION",-0.0689769761428948,0.00086154491671016,0.00332675759917784,"MSBB","DOWN: REACTOME_RNA_POL_II_TRANSCRIPTION","(Reactome) RNA Polymerase II Transcription"
"78","REACTOME: RNA POL III TRANSCRIPTION","DOWN",-0.122705933435405,0.00087414343009261,0.00403037442153355,"I45FvsI47F","DOWN: REACTOME_RNA_POL_III_TRANSCRIPTION",-0.128706726055481,1.82477409501872e-07,1.358825489624e-06,"Mayo","DOWN: REACTOME_RNA_POL_III_TRANSCRIPTION",-0.153216009128034,2.50702611068255e-06,7.21285156421501e-05,"MSBB","DOWN: REACTOME_RNA_POL_III_TRANSCRIPTION","(Reactome) RNA Polymerase III Transcription"
"79","REACTOME: RNA POL III TRANSCRIPTION INITIATION FROM TYPE 3 PROMOTER","DOWN",-0.10611913634713,0.00166399589889359,0.00615787956005029,"I45FvsI47F","DOWN: REACTOME_RNA_POL_III_TRANSCRIPTION_INITIATION_FROM_TYPE_3_PROMOTER",-0.153033006978388,2.48147806180265e-08,2.77176417469277e-07,"Mayo","DOWN: REACTOME_RNA_POL_III_TRANSCRIPTION_INITIATION_FROM_TYPE_3_PROMOTER",-0.181341559164347,5.88092628153096e-07,2.77638968372469e-05,"MSBB","DOWN: REACTOME_RNA_POL_III_TRANSCRIPTION_INITIATION_FROM_TYPE_3_PROMOTER","(Reactome) RNA Polymerase III Transcription Initiation From Type 3 Promoter"
"80","REACTOME: TRANSCRIPTION","DOWN",-0.154831392560746,0.000134529147332872,0.00136347108783316,"I45FvsI47F","DOWN: REACTOME_TRANSCRIPTION",-0.0872586020286032,1.71785312611578e-07,1.29550197536374e-06,"Mayo","DOWN: REACTOME_TRANSCRIPTION",-0.0775303874853397,0.000553126151769235,0.00235870683719123,"MSBB","DOWN: REACTOME_TRANSCRIPTION","(Reactome) Transcription"
"81","REACTOME: TRANSCRIPTION COUPLED NER TC NER","DOWN",-0.214295027999933,0.000165417932838678,0.00147694582891677,"I45FvsI47F","DOWN: REACTOME_TRANSCRIPTION_COUPLED_NER_TC_NER",-0.142752642218192,8.74447768951326e-10,1.95348331780824e-08,"Mayo","DOWN: REACTOME_TRANSCRIPTION_COUPLED_NER_TC_NER",-0.105944593403562,5.71505338169072e-05,0.000428629003626804,"MSBB","DOWN: REACTOME_TRANSCRIPTION_COUPLED_NER_TC_NER","(Reactome) Transcription-coupled NER (TC-NER)"
"82","REACTOME: YAP1 AND WWTR1 TAZ STIMULATED GENE EXPRESSION","UP",0.191417297050548,0.00139716665879997,0.00553455102517596,"I45FvsI47F","UP: REACTOME_YAP1_AND_WWTR1_TAZ_STIMULATED_GENE_EXPRESSION",0.273987907921212,6.03452584621949e-14,1.44719221916577e-11,"Mayo","UP: REACTOME_YAP1_AND_WWTR1_TAZ_STIMULATED_GENE_EXPRESSION",0.240203548592178,5.41832169523112e-07,2.77638968372469e-05,"MSBB","UP: REACTOME_YAP1_AND_WWTR1_TAZ_STIMULATED_GENE_EXPRESSION","(Reactome) YAP1- and WWTR1 (TAZ)-stimulated gene expression"
"83","ST: P38 MAPK PATHWAY","UP",0.122951430201609,0.000439247897608066,0.00265685141202579,"I45FvsI47F","UP: ST_P38_MAPK_PATHWAY",0.0610498870757871,0.000292694359287893,0.000847310810261285,"Mayo","UP: ST_P38_MAPK_PATHWAY",0.0828171286888824,0.000360971793333142,0.00167594046904673,"MSBB","UP: ST_P38_MAPK_PATHWAY","(STKE) p38 MAPK Pathway"
