"","X","Direction","logFC.x","P.Value.x","adj.P.Val.x","assay.x","path_dir.x","logFC.y","P.Value.y","adj.P.Val.y","assay.y","path_dir.y","display_name"
"1","BIOCARTA: AKAP95 PATHWAY","DOWN",-0.0907379399382298,0.00157964984661601,0.0059911627307604,"I45FvsI47F","DOWN: BIOCARTA_AKAP95_PATHWAY",-0.0642582133341683,0.00456430019392695,0.00986155370366699,"Mayo","DOWN: BIOCARTA_AKAP95_PATHWAY","(BioCarta) AKAP95 role in mitosis and chromosome dynamics"
"2","BIOCARTA: CALCINEURIN PATHWAY","UP",0.170443246411977,0.000327683248735548,0.00227557811621908,"I45FvsI47F","UP: BIOCARTA_CALCINEURIN_PATHWAY",0.117923531605736,1.84701486371689e-08,2.20895515014222e-07,"Mayo","UP: BIOCARTA_CALCINEURIN_PATHWAY","(BioCarta) Effects of calcineurin in Keratinocyte Differentiation"
"3","BIOCARTA: CERAMIDE PATHWAY","UP",0.230241956111991,0.000994139318963831,0.00444362402957505,"I45FvsI47F","UP: BIOCARTA_CERAMIDE_PATHWAY",0.0763364002673594,6.2055199499883e-05,0.000218670702999588,"Mayo","UP: BIOCARTA_CERAMIDE_PATHWAY","(BioCarta) Ceramide Signaling Pathway"
"4","BIOCARTA: EGF PATHWAY","UP",0.0960163655684007,0.00303984654170221,0.00926782482226284,"I45FvsI47F","UP: BIOCARTA_EGF_PATHWAY",0.0888390430870387,4.35098597392858e-05,0.000158509765942506,"Mayo","UP: BIOCARTA_EGF_PATHWAY","(BioCarta) EGF Signaling Pathway"
"5","BIOCARTA: HCMV PATHWAY","UP",0.192223627490452,2.84374663085606e-05,0.000695481512981101,"I45FvsI47F","UP: BIOCARTA_HCMV_PATHWAY",0.0975740746110562,0.000149105435793415,0.000467039248622761,"Mayo","UP: BIOCARTA_HCMV_PATHWAY","(BioCarta) Human Cytomegalovirus and Map Kinase Pathways"
"6","BIOCARTA: HER2 PATHWAY","UP",0.119310500838584,0.000547336301524893,0.00309423788550505,"I45FvsI47F","UP: BIOCARTA_HER2_PATHWAY",0.0904411748128542,2.01687090453498e-05,8.17799709236102e-05,"Mayo","UP: BIOCARTA_HER2_PATHWAY","(BioCarta) Role of ERBB2 in Signal Transduction and Oncology"
"7","BIOCARTA: HIF PATHWAY","UP",0.158931045795899,0.000450057164965169,0.00266481216097797,"I45FvsI47F","UP: BIOCARTA_HIF_PATHWAY",0.0923796020730997,0.00337889234180022,0.00766400102048172,"Mayo","UP: BIOCARTA_HIF_PATHWAY","(BioCarta) Hypoxia-Inducible Factor in the Cardiovascular System"
"8","BIOCARTA: IGF1R PATHWAY","UP",0.224234172979441,0.000745769471132448,0.00369599407499561,"I45FvsI47F","UP: BIOCARTA_IGF1R_PATHWAY",0.0507670311318691,0.000205099520140184,0.000617856624988739,"Mayo","UP: BIOCARTA_IGF1R_PATHWAY","(BioCarta) Multiple antiapoptotic pathways from IGF-1R signaling lead to BAD phosphorylation"
"9","BIOCARTA: IL3 PATHWAY","UP",0.183568275102309,0.00236440921556622,0.0077100300507594,"I45FvsI47F","UP: BIOCARTA_IL3_PATHWAY",0.113066027111015,0.00090360336117677,0.00231002827164532,"Mayo","UP: BIOCARTA_IL3_PATHWAY","(BioCarta) IL 3 signaling pathway"
"10","BIOCARTA: MCALPAIN PATHWAY","UP",0.188154821814973,0.00241452801426107,0.00780558625299914,"I45FvsI47F","UP: BIOCARTA_MCALPAIN_PATHWAY",0.173286143716808,1.17018821906782e-10,3.95857957536087e-09,"Mayo","UP: BIOCARTA_MCALPAIN_PATHWAY","(BioCarta) mCalpain and friends in Cell motility"
"11","BIOCARTA: MCM PATHWAY","DOWN",-0.286155318184173,1.8862509120379e-05,0.000589815103050568,"I45FvsI47F","DOWN: BIOCARTA_MCM_PATHWAY",-0.19227520624476,8.1269471591659e-12,5.34572524247357e-10,"Mayo","DOWN: BIOCARTA_MCM_PATHWAY","(BioCarta) CDK Regulation of DNA Replication"
"12","BIOCARTA: NDKDYNAMIN PATHWAY","DOWN",-0.188992602040721,0.00145485482151046,0.00564383335930782,"I45FvsI47F","DOWN: BIOCARTA_NDKDYNAMIN_PATHWAY",-0.0879663995510143,0.00172768176706332,0.0041576731955345,"Mayo","DOWN: BIOCARTA_NDKDYNAMIN_PATHWAY","(BioCarta) Endocytotic role of NDK, Phosphins and Dynamin"
"13","BIOCARTA: NFKB PATHWAY","UP",0.281526852555039,6.13330141492802e-06,0.000494172958876006,"I45FvsI47F","UP: BIOCARTA_NFKB_PATHWAY",0.207396850241096,4.36739581784003e-09,7.2830938708769e-08,"Mayo","UP: BIOCARTA_NFKB_PATHWAY","(BioCarta) NF-kB Signaling Pathway"
"14","BIOCARTA: NOS1 PATHWAY","DOWN",-0.214245882159623,0.00260390606275391,0.00825764980684246,"I45FvsI47F","DOWN: BIOCARTA_NOS1_PATHWAY",-0.0973800407335605,0.00090528134969884,0.00231002827164532,"Mayo","DOWN: BIOCARTA_NOS1_PATHWAY","(BioCarta) Nitric Oxide Signaling Pathway"
"15","BIOCARTA: P27 PATHWAY","DOWN",-0.149896476629036,0.00106651305701454,0.00461471995823598,"I45FvsI47F","DOWN: BIOCARTA_P27_PATHWAY",-0.065794503492564,0.000191582643836251,0.000583120437794658,"Mayo","DOWN: BIOCARTA_P27_PATHWAY","(BioCarta) Regulation of p27 Phosphorylation during Cell Cycle Progression"
"16","BIOCARTA: P53 PATHWAY","UP",0.383422331008736,0.000782731851475769,0.00379557471082,"I45FvsI47F","UP: BIOCARTA_P53_PATHWAY",0.134114363016851,0.000302487313401469,0.000873524339188631,"Mayo","UP: BIOCARTA_P53_PATHWAY","(BioCarta) p53 Signaling Pathway"
"17","BIOCARTA: P53HYPOXIA PATHWAY","UP",0.313525383100459,0.000392087895496112,0.00251335638680527,"I45FvsI47F","UP: BIOCARTA_P53HYPOXIA_PATHWAY",0.174932899634677,5.55506488338619e-06,2.6845701313997e-05,"Mayo","UP: BIOCARTA_P53HYPOXIA_PATHWAY","(BioCarta) Hypoxia and p53 in the Cardiovascular system"
"18","BIOCARTA: PML PATHWAY","UP",0.122916335050886,0.00158166696092075,0.0059911627307604,"I45FvsI47F","UP: BIOCARTA_PML_PATHWAY",0.151078095004848,1.05292438058395e-05,4.65172562168433e-05,"Mayo","UP: BIOCARTA_PML_PATHWAY","(BioCarta) Regulation of transcriptional activity by PML"
"19","BIOCARTA: RACCYCD PATHWAY","UP",0.284616278663823,5.80719019585506e-06,0.000494172958876006,"I45FvsI47F","UP: BIOCARTA_RACCYCD_PATHWAY",0.0700915247379291,0.000660409405126557,0.00176109174700415,"Mayo","UP: BIOCARTA_RACCYCD_PATHWAY","(BioCarta) Influence of Ras and Rho proteins on G1 to S Transition"
"20","BIOCARTA: SPRY PATHWAY","UP",0.447279193624109,8.80810303556177e-05,0.00109387892534461,"I45FvsI47F","UP: BIOCARTA_SPRY_PATHWAY",0.11691805743896,1.86613467716587e-05,7.67188700612635e-05,"Mayo","UP: BIOCARTA_SPRY_PATHWAY","(BioCarta) Sprouty regulation of tyrosine kinase signals"
"21","BIOCARTA: TID PATHWAY","UP",0.142435565348356,0.00151041694370057,0.00581924336186008,"I45FvsI47F","UP: BIOCARTA_TID_PATHWAY",0.207843111101762,3.56782074418497e-05,0.000132839615129403,"Mayo","UP: BIOCARTA_TID_PATHWAY","(BioCarta) Chaperones modulate interferon Signaling Pathway"
"22","BIOCARTA: TPO PATHWAY","UP",0.133755968698495,0.000333351203561063,0.00229708440627756,"I45FvsI47F","UP: BIOCARTA_TPO_PATHWAY",0.109281491078025,9.98302827589873e-05,0.000329245277957217,"Mayo","UP: BIOCARTA_TPO_PATHWAY","(BioCarta) TPO Signaling Pathway"
"23","KEGG: APOPTOSIS","UP",0.151827893942916,0.000444005429520932,0.00265694738410132,"I45FvsI47F","UP: KEGG_APOPTOSIS",0.0667365382104813,3.17194124674405e-05,0.000120758149072185,"Mayo","UP: KEGG_APOPTOSIS","(KEGG) Apoptosis"
"24","KEGG: BASE EXCISION REPAIR","DOWN",-0.170624251158744,0.000281298875809318,0.00210974156856989,"I45FvsI47F","DOWN: KEGG_BASE_EXCISION_REPAIR",-0.102228986587885,2.34383285252478e-05,9.31240972278301e-05,"Mayo","DOWN: KEGG_BASE_EXCISION_REPAIR","(KEGG) Base excision repair"
"25","KEGG: DNA REPLICATION","DOWN",-0.237109779177343,1.22941856458192e-05,0.000535009744477005,"I45FvsI47F","DOWN: KEGG_DNA_REPLICATION",-0.132304974602151,3.80903921710997e-06,1.9029124190119e-05,"Mayo","DOWN: KEGG_DNA_REPLICATION","(KEGG) DNA replication"
"26","KEGG: DORSO VENTRAL AXIS FORMATION","UP",0.101453292052491,0.00164210944766887,0.00609694101857255,"I45FvsI47F","UP: KEGG_DORSO_VENTRAL_AXIS_FORMATION",0.133337130150527,4.60310969165003e-08,4.57990073522154e-07,"Mayo","UP: KEGG_DORSO_VENTRAL_AXIS_FORMATION","(KEGG) Dorso-ventral axis formation"
"27","KEGG: GLYCEROPHOSPHOLIPID METABOLISM","DOWN",-0.176944891242394,0.00011225107537279,0.00125032138410286,"I45FvsI47F","DOWN: KEGG_GLYCEROPHOSPHOLIPID_METABOLISM",-0.0942396654990663,4.47577008578314e-08,4.49094218776885e-07,"Mayo","DOWN: KEGG_GLYCEROPHOSPHOLIPID_METABOLISM","(KEGG) Glycerophospholipid metabolism"
"28","KEGG: GLYCOSYLPHOSPHATIDYLINOSITOL GPI ANCHOR BIOSYNTHESIS","DOWN",-0.161138626058741,0.00114809598960465,0.00485566912896704,"I45FvsI47F","DOWN: KEGG_GLYCOSYLPHOSPHATIDYLINOSITOL_GPI_ANCHOR_BIOSYNTHESIS",-0.14297760038698,2.21544580798186e-05,8.86178323192743e-05,"Mayo","DOWN: KEGG_GLYCOSYLPHOSPHATIDYLINOSITOL_GPI_ANCHOR_BIOSYNTHESIS","(KEGG) Glycosylphosphatidylinositol(GPI)-anchor biosynthesis"
"29","KEGG: JAK STAT SIGNALING PATHWAY","UP",0.129838618105427,0.000581797400296279,0.00320486794510075,"I45FvsI47F","UP: KEGG_JAK_STAT_SIGNALING_PATHWAY",0.0559203254218927,0.000194117681875569,0.000589321372668395,"Mayo","UP: KEGG_JAK_STAT_SIGNALING_PATHWAY","(KEGG) Jak-STAT signaling pathway"
"30","KEGG: LEISHMANIA INFECTION","UP",0.184972963259811,6.80114317189699e-05,0.000962999168766617,"I45FvsI47F","UP: KEGG_LEISHMANIA_INFECTION",0.165886299306676,0.000513926128136601,0.00139561590760031,"Mayo","UP: KEGG_LEISHMANIA_INFECTION","(KEGG) Leishmania infection"
"31","KEGG: MISMATCH REPAIR","DOWN",-0.157099927807402,0.00296020306512376,0.00907419195712325,"I45FvsI47F","DOWN: KEGG_MISMATCH_REPAIR",-0.167553089847857,1.93823294318087e-08,2.27214634131302e-07,"Mayo","DOWN: KEGG_MISMATCH_REPAIR","(KEGG) Mismatch repair"
"32","KEGG: NICOTINATE AND NICOTINAMIDE METABOLISM","DOWN",-0.173360218422662,0.0018811524910528,0.00669714098871646,"I45FvsI47F","DOWN: KEGG_NICOTINATE_AND_NICOTINAMIDE_METABOLISM",-0.0829258350720354,8.51457167114578e-05,0.00028639922893854,"Mayo","DOWN: KEGG_NICOTINATE_AND_NICOTINAMIDE_METABOLISM","(KEGG) Nicotinate and nicotinamide metabolism"
"33","KEGG: NON HOMOLOGOUS END JOINING","DOWN",-0.207021864225526,0.00037611145897627,0.00246003134504828,"I45FvsI47F","DOWN: KEGG_NON_HOMOLOGOUS_END_JOINING",-0.172400729678513,3.60852637071797e-07,2.42231999773859e-06,"Mayo","DOWN: KEGG_NON_HOMOLOGOUS_END_JOINING","(KEGG) Non-homologous end-joining"
"34","KEGG: NUCLEOTIDE EXCISION REPAIR","DOWN",-0.211346508265072,0.000236708645988949,0.00195806784365859,"I45FvsI47F","DOWN: KEGG_NUCLEOTIDE_EXCISION_REPAIR",-0.127188500230078,4.28314047982828e-07,2.80178913155618e-06,"Mayo","DOWN: KEGG_NUCLEOTIDE_EXCISION_REPAIR","(KEGG) Nucleotide excision repair"
"35","KEGG: O GLYCAN BIOSYNTHESIS","DOWN",-0.29577990631098,0.000127647771047461,0.00135475228706032,"I45FvsI47F","DOWN: KEGG_O_GLYCAN_BIOSYNTHESIS",-0.107590487622776,2.6746828070261e-06,1.39507684736516e-05,"Mayo","DOWN: KEGG_O_GLYCAN_BIOSYNTHESIS","(KEGG) O-Glycan biosynthesis"
"36","KEGG: OLFACTORY TRANSDUCTION","DOWN",-0.306453557245497,0.000501284520885991,0.00288803492255939,"I45FvsI47F","DOWN: KEGG_OLFACTORY_TRANSDUCTION",-0.0805202282019567,0.00010773584079357,0.000353349682824339,"Mayo","DOWN: KEGG_OLFACTORY_TRANSDUCTION","(KEGG) Olfactory transduction"
"37","KEGG: RNA DEGRADATION","DOWN",-0.220438622224739,4.17253687769479e-05,0.000809328273690799,"I45FvsI47F","DOWN: KEGG_RNA_DEGRADATION",-0.0901002213607633,3.56471740323577e-07,2.41280359339117e-06,"Mayo","DOWN: KEGG_RNA_DEGRADATION","(KEGG) RNA degradation"
"38","KEGG: SPLICEOSOME","DOWN",-0.282425649727648,1.78685125169603e-05,0.000589815103050568,"I45FvsI47F","DOWN: KEGG_SPLICEOSOME",-0.0515459228534336,0.0045022702810412,0.00974531629388077,"Mayo","DOWN: KEGG_SPLICEOSOME","(KEGG) Spliceosome"
"39","KEGG: TASTE TRANSDUCTION","DOWN",-0.251087884393394,0.000679237016532503,0.00347337110726848,"I45FvsI47F","DOWN: KEGG_TASTE_TRANSDUCTION",-0.183840716340325,2.83987308086723e-07,1.98959155487977e-06,"Mayo","DOWN: KEGG_TASTE_TRANSDUCTION","(KEGG) Taste transduction"
"40","KEGG: UBIQUITIN MEDIATED PROTEOLYSIS","DOWN",-0.089068800527804,0.00120594463829367,0.00500622774199401,"I45FvsI47F","DOWN: KEGG_UBIQUITIN_MEDIATED_PROTEOLYSIS",-0.0891895976704979,5.52973705524267e-11,2.42489210126197e-09,"Mayo","DOWN: KEGG_UBIQUITIN_MEDIATED_PROTEOLYSIS","(KEGG) Ubiquitin mediated proteolysis"
"41","NABA: PROTEOGLYCANS","UP",0.225133916558972,2.47623688767562e-05,0.000663277737770254,"I45FvsI47F","UP: NABA_PROTEOGLYCANS",0.270725571425835,8.42648469792558e-11,3.21837351043351e-09,"Mayo","UP: NABA_PROTEOGLYCANS","(Naba) Genes encoding proteoglycans"
"42","PID: A6B1 A6B4 INTEGRIN PATHWAY","UP",0.254663295662106,0.000152779675304952,0.00145658588744128,"I45FvsI47F","UP: PID_A6B1_A6B4_INTEGRIN_PATHWAY",0.141989857168964,7.71998386513555e-08,7.03112376640037e-07,"Mayo","UP: PID_A6B1_A6B4_INTEGRIN_PATHWAY","(PID) a6b1 and a6b4 Integrin signaling"
"43","PID: ATR PATHWAY","DOWN",-0.0821027991606829,0.00324521503215512,0.00976167623308692,"I45FvsI47F","DOWN: PID_ATR_PATHWAY",-0.125942976267728,8.77184068209555e-11,3.24558105237535e-09,"Mayo","DOWN: PID_ATR_PATHWAY","(PID) ATR signaling pathway"
"44","PID: DNA PK PATHWAY","DOWN",-0.162551694724052,0.00220343246709636,0.0073775640639387,"I45FvsI47F","DOWN: PID_DNA_PK_PATHWAY",-0.154283726000395,9.3771185619429e-12,5.5512541886702e-10,"Mayo","DOWN: PID_DNA_PK_PATHWAY","(PID) DNA-PK pathway in nonhomologous end joining"
"45","PID: ECADHERIN NASCENT AJ PATHWAY","UP",0.103116625169808,0.000996052861754796,0.00444362402957505,"I45FvsI47F","UP: PID_ECADHERIN_NASCENT_AJ_PATHWAY",0.0472582414908285,0.00307136517078767,0.00700673672873334,"Mayo","UP: PID_ECADHERIN_NASCENT_AJ_PATHWAY","(PID) E-cadherin signaling in the nascent adherens junction"
"46","PID: EPO PATHWAY","UP",0.103088451423749,0.00198711052225444,0.00696417239107866,"I45FvsI47F","UP: PID_EPO_PATHWAY",0.0809568642388532,0.000202303558588105,0.000611039319817133,"Mayo","UP: PID_EPO_PATHWAY","(PID) EPO signaling pathway"
"47","PID: ERBB2 ERBB3 PATHWAY","UP",0.1393740604356,0.000315859999362112,0.00223485848605268,"I45FvsI47F","UP: PID_ERBB2_ERBB3_PATHWAY",0.0443434898915545,0.000586747235064651,0.00157888346890124,"Mayo","UP: PID_ERBB2_ERBB3_PATHWAY","(PID) ErbB2/ErbB3 signaling events"
"48","PID: FGF PATHWAY","UP",0.163848471312226,0.000276337166462848,0.00210031912607423,"I45FvsI47F","UP: PID_FGF_PATHWAY",0.117314842011834,9.27724449058583e-09,1.32340451528357e-07,"Mayo","UP: PID_FGF_PATHWAY","(PID) FGF signaling pathway"
"49","PID: GLYPICAN 1PATHWAY","UP",0.212724780771291,0.00154087277866748,0.00591094166279573,"I45FvsI47F","UP: PID_GLYPICAN_1PATHWAY",0.296920657224912,2.16897713866537e-10,6.75807613731526e-09,"Mayo","UP: PID_GLYPICAN_1PATHWAY","(PID) Glypican 1 network"
"50","PID: GMCSF PATHWAY","UP",0.127723350778554,0.000944330498465099,0.00430110044847464,"I45FvsI47F","UP: PID_GMCSF_PATHWAY",0.0792858348312006,0.00371090281140358,0.00825885136974029,"Mayo","UP: PID_GMCSF_PATHWAY","(PID) GMCSF-mediated signaling events"
"51","PID: IL2 STAT5 PATHWAY","UP",0.378719875736468,1.44018017161005e-05,0.000558690583814245,"I45FvsI47F","UP: PID_IL2_STAT5_PATHWAY",0.103939576430069,0.00015395307692622,0.000480951037152095,"Mayo","UP: PID_IL2_STAT5_PATHWAY","(PID) IL2 signaling events mediated by STAT5"
"52","PID: IL3 PATHWAY","UP",0.0932470483715699,0.00292355953038248,0.00898635101551991,"I45FvsI47F","UP: PID_IL3_PATHWAY",0.0723766840363999,0.00249814661722897,0.0058110129563833,"Mayo","UP: PID_IL3_PATHWAY","(PID) IL3-mediated signaling events"
"53","PID: IL6 7 PATHWAY","UP",0.124476994528615,0.000249506418100727,0.00202317604926429,"I45FvsI47F","UP: PID_IL6_7_PATHWAY",0.163175887117886,7.32610092117043e-05,0.000254372536383161,"Mayo","UP: PID_IL6_7_PATHWAY","(PID) IL6-mediated signaling events"
"54","PID: INTEGRIN1 PATHWAY","UP",0.116156066991327,0.000395434738190696,0.00251335638680527,"I45FvsI47F","UP: PID_INTEGRIN1_PATHWAY",0.127890393352139,3.62120472634908e-07,2.42231999773859e-06,"Mayo","UP: PID_INTEGRIN1_PATHWAY","(PID) Beta1 integrin cell surface interactions"
"55","PID: INTEGRIN4 PATHWAY","UP",0.464724431255296,0.000441627745821175,0.00265685141202579,"I45FvsI47F","UP: PID_INTEGRIN4_PATHWAY",0.260798923389438,2.07515160239133e-09,3.96287015682473e-08,"Mayo","UP: PID_INTEGRIN4_PATHWAY","(PID) Alpha6 beta4 integrin-ligand interactions"
"56","PID: LYMPH ANGIOGENESIS PATHWAY","UP",0.189428352446809,4.54898124678682e-05,0.00081231807978336,"I45FvsI47F","UP: PID_LYMPH_ANGIOGENESIS_PATHWAY",0.0876107622244304,1.10457602683473e-06,6.31796142885178e-06,"Mayo","UP: PID_LYMPH_ANGIOGENESIS_PATHWAY","(PID) VEGFR3 signaling in lymphatic endothelium"
"57","PID: MYC PATHWAY","DOWN",-0.134280503285284,0.000411711189338424,0.00254491806596553,"I45FvsI47F","DOWN: PID_MYC_PATHWAY",-0.0644955649326768,0.000218293629404664,0.000649396123656085,"Mayo","DOWN: PID_MYC_PATHWAY","(PID) C-MYC pathway"
"58","PID: NFAT 3PATHWAY","DOWN",-0.0890633217776995,0.00140756664463171,0.00553675690633105,"I45FvsI47F","DOWN: PID_NFAT_3PATHWAY",-0.0957006331728187,4.99701122168816e-06,2.45496318941028e-05,"Mayo","DOWN: PID_NFAT_3PATHWAY","(PID) Role of Calcineurin-dependent NFAT signaling in lymphocytes"
"59","PID: P38 MK2 PATHWAY","UP",0.25975727623785,0.00105404167856513,0.00457836636442383,"I45FvsI47F","UP: PID_P38_MK2_PATHWAY",0.0632565740065563,8.0320095695114e-05,0.00027406049943232,"Mayo","UP: PID_P38_MK2_PATHWAY","(PID) p38 signaling mediated by MAPKAP kinases"
"60","PID: P38 MKK3 6PATHWAY","UP",0.281916469637925,1.47363677930741e-06,0.000331568275344167,"I45FvsI47F","UP: PID_P38_MKK3_6PATHWAY",0.0833425230193131,0.0017612750059779,0.00422991806709498,"Mayo","UP: PID_P38_MKK3_6PATHWAY","(PID) p38 MAPK signaling pathway"
"61","PID: PDGFRA PATHWAY","UP",0.266502048676924,1.23917329745836e-05,0.000535009744477005,"I45FvsI47F","UP: PID_PDGFRA_PATHWAY",0.177375409008796,6.20309066356489e-09,9.66376229692214e-08,"Mayo","UP: PID_PDGFRA_PATHWAY","(PID) PDGFR-alpha signaling pathway"
"62","PID: PTP1B PATHWAY","UP",0.130185520596436,0.00192308779423324,0.00679164647919103,"I45FvsI47F","UP: PID_PTP1B_PATHWAY",0.20409360033157,7.42538086613124e-12,5.17155937970552e-10,"Mayo","UP: PID_PTP1B_PATHWAY","(PID) Signaling events mediated by PTP1B"
"63","PID: TAP63 PATHWAY","UP",0.439701040800847,0.00113072395678114,0.00480024321275011,"I45FvsI47F","UP: PID_TAP63_PATHWAY",0.123497815901546,2.09884805523577e-06,1.11938562945908e-05,"Mayo","UP: PID_TAP63_PATHWAY","(PID) Validated transcriptional targets of TAp63 isoforms"
"64","REACTOME: ACTIVATED TAK1 MEDIATES P38 MAPK ACTIVATION","UP",0.264624837758388,5.12805950703115e-05,0.000848392197854419,"I45FvsI47F","UP: REACTOME_ACTIVATED_TAK1_MEDIATES_P38_MAPK_ACTIVATION",0.0928087493011041,1.14777811063334e-06,6.50224537315731e-06,"Mayo","UP: REACTOME_ACTIVATED_TAK1_MEDIATES_P38_MAPK_ACTIVATION","(Reactome) activated TAK1 mediates p38 MAPK activation"
"65","REACTOME: ACTIVATION OF ATR IN RESPONSE TO REPLICATION STRESS","DOWN",-0.162699765166989,7.64729116440245e-05,0.00103653042890997,"I45FvsI47F","DOWN: REACTOME_ACTIVATION_OF_ATR_IN_RESPONSE_TO_REPLICATION_STRESS",-0.205543053063274,2.13970242686312e-12,1.94877513338918e-10,"Mayo","DOWN: REACTOME_ACTIVATION_OF_ATR_IN_RESPONSE_TO_REPLICATION_STRESS","(Reactome) Activation of ATR in response to replication stress"
"66","REACTOME: ACTIVATION OF THE PRE REPLICATIVE COMPLEX","DOWN",-0.236407114957992,2.0018425662385e-05,0.00059265075974166,"I45FvsI47F","DOWN: REACTOME_ACTIVATION_OF_THE_PRE_REPLICATIVE_COMPLEX",-0.18457086213737,3.09580006327827e-10,8.52424947656156e-09,"Mayo","DOWN: REACTOME_ACTIVATION_OF_THE_PRE_REPLICATIVE_COMPLEX","(Reactome) Activation of the pre-replicative complex"
"67","REACTOME: AMINO ACID TRANSPORT ACROSS THE PLASMA MEMBRANE","UP",0.237385930722937,0.000315801389315855,0.00223485848605268,"I45FvsI47F","UP: REACTOME_AMINO_ACID_TRANSPORT_ACROSS_THE_PLASMA_MEMBRANE",0.163117293835259,6.3126890112403e-10,1.52535179373643e-08,"Mayo","UP: REACTOME_AMINO_ACID_TRANSPORT_ACROSS_THE_PLASMA_MEMBRANE","(Reactome) Amino acid transport across the plasma membrane"
"68","REACTOME: ANTIGEN PROCESSING UBIQUITINATION PROTEASOME DEGRADATION","DOWN",-0.106662544520028,0.00050315986206368,0.00288803492255939,"I45FvsI47F","DOWN: REACTOME_ANTIGEN_PROCESSING_UBIQUITINATION_PROTEASOME_DEGRADATION",-0.0726366228576345,1.56734148356197e-08,1.94226927539045e-07,"Mayo","DOWN: REACTOME_ANTIGEN_PROCESSING_UBIQUITINATION_PROTEASOME_DEGRADATION","(Reactome) Antigen processing: Ubiquitination & Proteasome degradation"
"69","REACTOME: APC C CDC20 MEDIATED DEGRADATION OF CYCLIN B","DOWN",-0.142469128647239,9.36207103566077e-05,0.00110866630685456,"I45FvsI47F","DOWN: REACTOME_APC_C_CDC20_MEDIATED_DEGRADATION_OF_CYCLIN_B",-0.125915286268143,8.4887656633601e-08,7.59586969909259e-07,"Mayo","DOWN: REACTOME_APC_C_CDC20_MEDIATED_DEGRADATION_OF_CYCLIN_B","(Reactome) APC/C:Cdc20 mediated degradation of Cyclin B"
"70","REACTOME: APC CDC20 MEDIATED DEGRADATION OF NEK2A","DOWN",-0.223477935977634,1.88740832976182e-05,0.000589815103050568,"I45FvsI47F","DOWN: REACTOME_APC_CDC20_MEDIATED_DEGRADATION_OF_NEK2A",-0.121390893149432,9.42424154335351e-07,5.46975587614243e-06,"Mayo","DOWN: REACTOME_APC_CDC20_MEDIATED_DEGRADATION_OF_NEK2A","(Reactome) APC-Cdc20 mediated degradation of Nek2A"
"71","REACTOME: ASSOCIATION OF LICENSING FACTORS WITH THE PRE REPLICATIVE COMPLEX","DOWN",-0.172117903037417,0.000410506967913478,0.00254491806596553,"I45FvsI47F","DOWN: REACTOME_ASSOCIATION_OF_LICENSING_FACTORS_WITH_THE_PRE_REPLICATIVE_COMPLEX",-0.152141638461256,8.92836938171524e-09,1.28916943267693e-07,"Mayo","DOWN: REACTOME_ASSOCIATION_OF_LICENSING_FACTORS_WITH_THE_PRE_REPLICATIVE_COMPLEX","(Reactome) Association of licensing factors with the pre-replicative complex"
"72","REACTOME: BASE EXCISION REPAIR","DOWN",-0.195222457286228,0.000259351547166991,0.00204374092090778,"I45FvsI47F","DOWN: REACTOME_BASE_EXCISION_REPAIR",-0.180976923329702,6.3197157297628e-08,6.0833686374302e-07,"Mayo","DOWN: REACTOME_BASE_EXCISION_REPAIR","(Reactome) Base Excision Repair"
"73","REACTOME: CDC6 ASSOCIATION WITH THE ORC ORIGIN COMPLEX","DOWN",-0.136187895240479,0.00268261507165161,0.00843071820905888,"I45FvsI47F","DOWN: REACTOME_CDC6_ASSOCIATION_WITH_THE_ORC_ORIGIN_COMPLEX",-0.279715302745228,4.61419480332317e-13,4.73948627274172e-11,"Mayo","DOWN: REACTOME_CDC6_ASSOCIATION_WITH_THE_ORC_ORIGIN_COMPLEX","(Reactome) CDC6 association with the ORC:origin complex"
"74","REACTOME: CELL CYCLE","DOWN",-0.110473442888317,0.000426067527685882,0.00261926758823288,"I45FvsI47F","DOWN: REACTOME_CELL_CYCLE",-0.086671470106766,8.24921196555363e-10,1.8782821090799e-08,"Mayo","DOWN: REACTOME_CELL_CYCLE","(Reactome) Cell Cycle"
"75","REACTOME: CELL CYCLE MITOTIC","DOWN",-0.101166445349936,0.000618842048504182,0.00331428056852537,"I45FvsI47F","DOWN: REACTOME_CELL_CYCLE_MITOTIC",-0.0914551741301154,3.61221212882045e-10,9.5041314678298e-09,"Mayo","DOWN: REACTOME_CELL_CYCLE_MITOTIC","(Reactome) Cell Cycle, Mitotic"
"76","REACTOME: CELL EXTRACELLULAR MATRIX INTERACTIONS","UP",0.522285167696254,0.000372582756181255,0.00245120234329773,"I45FvsI47F","UP: REACTOME_CELL_EXTRACELLULAR_MATRIX_INTERACTIONS",0.25108263552435,6.11145362823382e-14,1.44719221916577e-11,"Mayo","UP: REACTOME_CELL_EXTRACELLULAR_MATRIX_INTERACTIONS","(Reactome) Cell-extracellular matrix interactions"
"77","REACTOME: CLASS I MHC MEDIATED ANTIGEN PROCESSING PRESENTATION","DOWN",-0.0901137089361045,0.00142516898362602,0.00556711625385941,"I45FvsI47F","DOWN: REACTOME_CLASS_I_MHC_MEDIATED_ANTIGEN_PROCESSING_PRESENTATION",-0.0459463598924286,1.37407852858857e-06,7.7104690893311e-06,"Mayo","DOWN: REACTOME_CLASS_I_MHC_MEDIATED_ANTIGEN_PROCESSING_PRESENTATION","(Reactome) Class I MHC mediated antigen processing & presentation"
"78","REACTOME: CLEAVAGE OF GROWING TRANSCRIPT IN THE TERMINATION REGION ","DOWN",-0.247889260742793,0.000149472040447449,0.00144962108192569,"I45FvsI47F","DOWN: REACTOME_CLEAVAGE_OF_GROWING_TRANSCRIPT_IN_THE_TERMINATION_REGION_",-0.0718974938537751,3.0247294804316e-05,0.000116275315091916,"Mayo","DOWN: REACTOME_CLEAVAGE_OF_GROWING_TRANSCRIPT_IN_THE_TERMINATION_REGION_","(Reactome) Cleavage of Growing Transcript in the Termination Region "
"79","REACTOME: CONVERSION FROM APC C CDC20 TO APC C CDH1 IN LATE ANAPHASE","DOWN",-0.164976797804249,0.000150990004777141,0.00145182696901097,"I45FvsI47F","DOWN: REACTOME_CONVERSION_FROM_APC_C_CDC20_TO_APC_C_CDH1_IN_LATE_ANAPHASE",-0.113775244795518,7.5232756820285e-06,3.38690433746074e-05,"Mayo","DOWN: REACTOME_CONVERSION_FROM_APC_C_CDC20_TO_APC_C_CDH1_IN_LATE_ANAPHASE","(Reactome) Conversion from APC/C:Cdc20 to APC/C:Cdh1 in late anaphase"
"80","REACTOME: CREB PHOSPHORYLATION THROUGH THE ACTIVATION OF RAS","DOWN",-0.184462968510974,0.00170703400499772,0.00627586031249163,"I45FvsI47F","DOWN: REACTOME_CREB_PHOSPHORYLATION_THROUGH_THE_ACTIVATION_OF_RAS",-0.184981843242274,1.51071999103949e-10,4.83430397132635e-09,"Mayo","DOWN: REACTOME_CREB_PHOSPHORYLATION_THROUGH_THE_ACTIVATION_OF_RAS","(Reactome) CREB phosphorylation through the activation of Ras"
"81","REACTOME: CS DS DEGRADATION","UP",0.382797841770538,7.78094493071955e-06,0.000514915473356441,"I45FvsI47F","UP: REACTOME_CS_DS_DEGRADATION",0.274821705884799,6.41763104437549e-11,2.71374112733592e-09,"Mayo","UP: REACTOME_CS_DS_DEGRADATION","(Reactome) CS/DS degradation"
"82","REACTOME: DEADENYLATION DEPENDENT MRNA DECAY","DOWN",-0.245499029848918,0.000334863860115129,0.00229708440627756,"I45FvsI47F","DOWN: REACTOME_DEADENYLATION_DEPENDENT_MRNA_DECAY",-0.107723633558524,2.51916319978123e-07,1.80769044153998e-06,"Mayo","DOWN: REACTOME_DEADENYLATION_DEPENDENT_MRNA_DECAY","(Reactome) Deadenylation-dependent mRNA decay"
"83","REACTOME: DEADENYLATION OF MRNA","DOWN",-0.223725458528594,0.00215507068103978,0.0072371776602082,"I45FvsI47F","DOWN: REACTOME_DEADENYLATION_OF_MRNA",-0.0509071551396418,0.00262078748421364,0.00605778089785653,"Mayo","DOWN: REACTOME_DEADENYLATION_OF_MRNA","(Reactome) Deadenylation of mRNA"
"84","REACTOME: DESTABILIZATION OF MRNA BY BRF1","DOWN",-0.221387110985293,7.58088199768306e-05,0.00103653042890997,"I45FvsI47F","DOWN: REACTOME_DESTABILIZATION_OF_MRNA_BY_BRF1",-0.0931015993618575,6.62308699191129e-06,3.06664184927093e-05,"Mayo","DOWN: REACTOME_DESTABILIZATION_OF_MRNA_BY_BRF1","(Reactome) Destabilization of mRNA by Butyrate Response Factor 1 (BRF1)"
"85","REACTOME: DESTABILIZATION OF MRNA BY TRISTETRAPROLIN TTP","DOWN",-0.252742989300455,3.33325104023326e-05,0.000742222857907549,"I45FvsI47F","DOWN: REACTOME_DESTABILIZATION_OF_MRNA_BY_TRISTETRAPROLIN_TTP",-0.0732220508536837,0.00409353837142224,0.00895887140806643,"Mayo","DOWN: REACTOME_DESTABILIZATION_OF_MRNA_BY_TRISTETRAPROLIN_TTP","(Reactome) Destabilization of mRNA by Tristetraprolin (TTP)"
"86","REACTOME: DNA REPAIR","DOWN",-0.148581194018606,0.00119743032446863,0.00498929301861929,"I45FvsI47F","DOWN: REACTOME_DNA_REPAIR",-0.138754380339529,3.84900703056691e-09,6.51032046313032e-08,"Mayo","DOWN: REACTOME_DNA_REPAIR","(Reactome) DNA Repair"
"87","REACTOME: DNA REPLICATION","DOWN",-0.113241944909113,0.000347845181184315,0.00235738451103828,"I45FvsI47F","DOWN: REACTOME_DNA_REPLICATION",-0.0829623519327329,1.17993067627535e-08,1.56970552888766e-07,"Mayo","DOWN: REACTOME_DNA_REPLICATION","(Reactome) DNA Replication"
"88","REACTOME: DNA STRAND ELONGATION","DOWN",-0.206640520419183,2.3496063048041e-05,0.000644709047049905,"I45FvsI47F","DOWN: REACTOME_DNA_STRAND_ELONGATION",-0.158607679725119,1.04769291424026e-08,1.44240512844241e-07,"Mayo","DOWN: REACTOME_DNA_STRAND_ELONGATION","(Reactome) DNA strand elongation"
"89","REACTOME: E2F MEDIATED REGULATION OF DNA REPLICATION","DOWN",-0.140452509808976,0.000863988541569913,0.0040164756581246,"I45FvsI47F","DOWN: REACTOME_E2F_MEDIATED_REGULATION_OF_DNA_REPLICATION",-0.149512963236993,1.2582577554841e-11,7.09417705949129e-10,"Mayo","DOWN: REACTOME_E2F_MEDIATED_REGULATION_OF_DNA_REPLICATION","(Reactome) E2F mediated regulation of DNA replication"
"90","REACTOME: ELONGATION ARREST AND RECOVERY","DOWN",-0.150970238829876,0.00123529585010328,0.00510921996825804,"I45FvsI47F","DOWN: REACTOME_ELONGATION_ARREST_AND_RECOVERY",-0.0681561265246975,8.32178460067838e-05,0.000281164192494929,"Mayo","DOWN: REACTOME_ELONGATION_ARREST_AND_RECOVERY","(Reactome) Elongation arrest and recovery"
"91","REACTOME: ENDOSOMAL SORTING COMPLEX REQUIRED FOR TRANSPORT ESCRT","DOWN",-0.0951357698755999,0.000987607665176376,0.00444362402957505,"I45FvsI47F","DOWN: REACTOME_ENDOSOMAL_SORTING_COMPLEX_REQUIRED_FOR_TRANSPORT_ESCRT",-0.081288569564107,0.000363228187638846,0.00103879752213622,"Mayo","DOWN: REACTOME_ENDOSOMAL_SORTING_COMPLEX_REQUIRED_FOR_TRANSPORT_ESCRT","(Reactome) Endosomal Sorting Complex Required For Transport (ESCRT)"
"92","REACTOME: EXTENSION OF TELOMERES","DOWN",-0.24851615456726,4.3101376972882e-05,0.000810947116445497,"I45FvsI47F","DOWN: REACTOME_EXTENSION_OF_TELOMERES",-0.12227208884893,7.49291171040435e-07,4.50335404320749e-06,"Mayo","DOWN: REACTOME_EXTENSION_OF_TELOMERES","(Reactome) Extension of Telomeres"
"93","REACTOME: EXTRINSIC PATHWAY FOR APOPTOSIS","UP",0.457995937553452,0.000278175599808942,0.00210031912607423,"I45FvsI47F","UP: REACTOME_EXTRINSIC_PATHWAY_FOR_APOPTOSIS",0.124267715095274,0.000349017140442492,0.00100300071428134,"Mayo","UP: REACTOME_EXTRINSIC_PATHWAY_FOR_APOPTOSIS","(Reactome) Extrinsic Pathway for Apoptosis"
"94","REACTOME: FANCONI ANEMIA PATHWAY","DOWN",-0.144608659415494,0.000310630575326601,0.00222585603339125,"I45FvsI47F","DOWN: REACTOME_FANCONI_ANEMIA_PATHWAY",-0.0986425998478423,6.07791817195391e-06,2.85565679190215e-05,"Mayo","DOWN: REACTOME_FANCONI_ANEMIA_PATHWAY","(Reactome) Fanconi Anemia pathway"
"95","REACTOME: FATTY ACID TRIACYLGLYCEROL AND KETONE BODY METABOLISM","UP",0.169105917982842,0.000798444592899577,0.00382234113622138,"I45FvsI47F","UP: REACTOME_FATTY_ACID_TRIACYLGLYCEROL_AND_KETONE_BODY_METABOLISM",0.0433270326655318,0.00120183586058804,0.0029831732891745,"Mayo","UP: REACTOME_FATTY_ACID_TRIACYLGLYCEROL_AND_KETONE_BODY_METABOLISM","(Reactome) Fatty acid, triacylglycerol, and ketone body metabolism"
"96","REACTOME: FORMATION OF RNA POL II ELONGATION COMPLEX ","DOWN",-0.169438096950733,0.000309685780741914,0.00222585603339125,"I45FvsI47F","DOWN: REACTOME_FORMATION_OF_RNA_POL_II_ELONGATION_COMPLEX_",-0.105498960213617,3.83939399504886e-08,4.02286946029899e-07,"Mayo","DOWN: REACTOME_FORMATION_OF_RNA_POL_II_ELONGATION_COMPLEX_","(Reactome) Formation of RNA Pol II elongation complex "
"97","REACTOME: FORMATION OF THE HIV1 EARLY ELONGATION COMPLEX","DOWN",-0.146950026799331,0.000626551743069826,0.00331428056852537,"I45FvsI47F","DOWN: REACTOME_FORMATION_OF_THE_HIV1_EARLY_ELONGATION_COMPLEX",-0.109402281809247,1.95869076675427e-07,1.44943116739816e-06,"Mayo","DOWN: REACTOME_FORMATION_OF_THE_HIV1_EARLY_ELONGATION_COMPLEX","(Reactome) Formation of the HIV-1 Early Elongation Complex"
"98","REACTOME: FORMATION OF TRANSCRIPTION COUPLED NER TC NER REPAIR COMPLEX","DOWN",-0.171598910661977,0.000410627715765115,0.00254491806596553,"I45FvsI47F","DOWN: REACTOME_FORMATION_OF_TRANSCRIPTION_COUPLED_NER_TC_NER_REPAIR_COMPLEX",-0.154266281186733,2.61285647377328e-10,7.54541967060381e-09,"Mayo","DOWN: REACTOME_FORMATION_OF_TRANSCRIPTION_COUPLED_NER_TC_NER_REPAIR_COMPLEX","(Reactome) Formation of transcription-coupled NER (TC-NER) repair complex"
"99","REACTOME: G1 S TRANSITION","DOWN",-0.111874001064365,0.0017988124928956,0.00648610273880626,"I45FvsI47F","DOWN: REACTOME_G1_S_TRANSITION",-0.0884410098657151,3.89406979764225e-08,4.04436722842844e-07,"Mayo","DOWN: REACTOME_G1_S_TRANSITION","(Reactome) G1/S Transition"
"100","REACTOME: G2 M CHECKPOINTS","DOWN",-0.161703543531519,9.7011781217409e-05,0.00113685681114151,"I45FvsI47F","DOWN: REACTOME_G2_M_CHECKPOINTS",-0.197867158436013,2.06767531312773e-13,2.81794991800782e-11,"Mayo","DOWN: REACTOME_G2_M_CHECKPOINTS","(Reactome) G2/M Checkpoints"
"101","REACTOME: GLOBAL GENOMIC NER GG NER","DOWN",-0.170923466104492,0.00205396764723312,0.00704485854615018,"I45FvsI47F","DOWN: REACTOME_GLOBAL_GENOMIC_NER_GG_NER",-0.143938000856477,8.53252255050096e-08,7.59586969909259e-07,"Mayo","DOWN: REACTOME_GLOBAL_GENOMIC_NER_GG_NER","(Reactome) Global Genomic NER (GG-NER)"
"102","REACTOME: GLUCOSE METABOLISM","UP",0.413020665580921,0.00162002863220652,0.0060549242898084,"I45FvsI47F","UP: REACTOME_GLUCOSE_METABOLISM",0.0538419073120547,0.00109183638971965,0.00273884382505946,"Mayo","UP: REACTOME_GLUCOSE_METABOLISM","(Reactome) Glucose metabolism"
"103","REACTOME: GLYCEROPHOSPHOLIPID BIOSYNTHESIS","DOWN",-0.129973715804694,0.000862024325743711,0.0040164756581246,"I45FvsI47F","DOWN: REACTOME_GLYCEROPHOSPHOLIPID_BIOSYNTHESIS",-0.0521723390229983,0.000201705832133821,0.00061079208502927,"Mayo","DOWN: REACTOME_GLYCEROPHOSPHOLIPID_BIOSYNTHESIS","(Reactome) Glycerophospholipid biosynthesis"
"104","REACTOME: GLYCOGEN BREAKDOWN GLYCOGENOLYSIS","UP",0.262418427709788,8.17771899382486e-05,0.00107377528468359,"I45FvsI47F","UP: REACTOME_GLYCOGEN_BREAKDOWN_GLYCOGENOLYSIS",0.184829155791553,2.00814739630265e-07,1.47679907902009e-06,"Mayo","UP: REACTOME_GLYCOGEN_BREAKDOWN_GLYCOGENOLYSIS","(Reactome) Glycogen breakdown (glycogenolysis)"
"105","REACTOME: HEPARAN SULFATE HEPARIN HS GAG METABOLISM","UP",0.143505843489126,0.00231171044417035,0.00758214066965495,"I45FvsI47F","UP: REACTOME_HEPARAN_SULFATE_HEPARIN_HS_GAG_METABOLISM",0.0971371333425746,1.75957825757881e-05,7.30996721745019e-05,"Mayo","UP: REACTOME_HEPARAN_SULFATE_HEPARIN_HS_GAG_METABOLISM","(Reactome) Heparan sulfate/heparin (HS-GAG) metabolism"
"106","REACTOME: HIV LIFE CYCLE","DOWN",-0.104576237759619,0.00208396582547474,0.00712602295945011,"I45FvsI47F","DOWN: REACTOME_HIV_LIFE_CYCLE",-0.0962727173647757,2.22977847806535e-09,4.19056780639583e-08,"Mayo","DOWN: REACTOME_HIV_LIFE_CYCLE","(Reactome) HIV Life Cycle"
"107","REACTOME: HOMOLOGOUS RECOMBINATION REPAIR OF REPLICATION INDEPENDENT DOUBLE STRAND BREAKS","DOWN",-0.193239979264284,0.000690662870183978,0.00349625736644489,"I45FvsI47F","DOWN: REACTOME_HOMOLOGOUS_RECOMBINATION_REPAIR_OF_REPLICATION_INDEPENDENT_DOUBLE_STRAND_BREAKS",-0.0916617848065707,0.000884521756944412,0.00227174351458174,"Mayo","DOWN: REACTOME_HOMOLOGOUS_RECOMBINATION_REPAIR_OF_REPLICATION_INDEPENDENT_DOUBLE_STRAND_BREAKS","(Reactome) Homologous recombination repair of replication-independent double-strand breaks"
"108","REACTOME: INHIBITION OF THE PROTEOLYTIC ACTIVITY OF APC C REQUIRED FOR THE ONSET OF ANAPHASE BY MITOTIC SPINDLE CHECKPOINT COMPONENTS","DOWN",-0.220265426315266,5.10997926924255e-05,0.000848392197854419,"I45FvsI47F","DOWN: REACTOME_INHIBITION_OF_THE_PROTEOLYTIC_ACTIVITY_OF_APC_C_REQUIRED_FOR_THE_ONSET_OF_ANAPHASE_BY_MITOTIC_SPINDLE_CHECKPOINT_COMPONENTS",-0.140508215145214,2.93551764517743e-07,2.0316169634937e-06,"Mayo","DOWN: REACTOME_INHIBITION_OF_THE_PROTEOLYTIC_ACTIVITY_OF_APC_C_REQUIRED_FOR_THE_ONSET_OF_ANAPHASE_BY_MITOTIC_SPINDLE_CHECKPOINT_COMPONENTS","(Reactome) Inhibition of the proteolytic activity of APC/C required for the onset of anaphase by mitotic spindle checkpoint components"
"109","REACTOME: ION CHANNEL TRANSPORT","DOWN",-0.277819651578732,0.000457121920207675,0.00267844875121685,"I45FvsI47F","DOWN: REACTOME_ION_CHANNEL_TRANSPORT",-0.180717353894748,1.12591724515516e-05,4.93735562319892e-05,"Mayo","DOWN: REACTOME_ION_CHANNEL_TRANSPORT","(Reactome) Ion channel transport"
"110","REACTOME: ION TRANSPORT BY P TYPE ATPASES","DOWN",-0.258790575907973,0.00124659826150873,0.00513708074797554,"I45FvsI47F","DOWN: REACTOME_ION_TRANSPORT_BY_P_TYPE_ATPASES",-0.0927925931739103,2.89991726478756e-05,0.000111840457378126,"Mayo","DOWN: REACTOME_ION_TRANSPORT_BY_P_TYPE_ATPASES","(Reactome) Ion transport by P-type ATPases"
"111","REACTOME: IONOTROPIC ACTIVITY OF KAINATE RECEPTORS","DOWN",-0.801668796425322,1.01144388536351e-05,0.00051721562319725,"I45FvsI47F","DOWN: REACTOME_IONOTROPIC_ACTIVITY_OF_KAINATE_RECEPTORS",-0.275798767519159,7.05604732737219e-08,6.52684377781928e-07,"Mayo","DOWN: REACTOME_IONOTROPIC_ACTIVITY_OF_KAINATE_RECEPTORS","(Reactome) Ionotropic activity of Kainate Receptors"
"112","REACTOME: LAGGING STRAND SYNTHESIS","DOWN",-0.177705390888442,0.000261598837876196,0.00204374092090778,"I45FvsI47F","DOWN: REACTOME_LAGGING_STRAND_SYNTHESIS",-0.134825010588559,3.30227422265726e-07,2.26005357203827e-06,"Mayo","DOWN: REACTOME_LAGGING_STRAND_SYNTHESIS","(Reactome) Lagging Strand Synthesis"
"113","REACTOME: LATE PHASE OF HIV LIFE CYCLE","DOWN",-0.115925697897971,0.000756760516906991,0.00370154600661028,"I45FvsI47F","DOWN: REACTOME_LATE_PHASE_OF_HIV_LIFE_CYCLE",-0.106106962072853,3.20981479453938e-09,5.6722697264696e-08,"Mayo","DOWN: REACTOME_LATE_PHASE_OF_HIV_LIFE_CYCLE","(Reactome) Late Phase of HIV Life Cycle"
"114","REACTOME: LOSS OF NLP FROM MITOTIC CENTROSOMES","DOWN",-0.137802830739641,0.000203172685901573,0.00175822516645592,"I45FvsI47F","DOWN: REACTOME_LOSS_OF_NLP_FROM_MITOTIC_CENTROSOMES",-0.100680336344402,6.95652802673748e-08,6.48545605012376e-07,"Mayo","DOWN: REACTOME_LOSS_OF_NLP_FROM_MITOTIC_CENTROSOMES","(Reactome) Loss of Nlp from mitotic centrosomes"
"115","REACTOME: M G1 TRANSITION","DOWN",-0.127719647095996,0.00201123259819619,0.0069898363195603,"I45FvsI47F","DOWN: REACTOME_M_G1_TRANSITION",-0.102739790871375,1.82091893574189e-06,9.88976155925872e-06,"Mayo","DOWN: REACTOME_M_G1_TRANSITION","(Reactome) M/G1 Transition"
"116","REACTOME: METABOLISM OF CARBOHYDRATES","UP",0.13854919536221,0.00249746003455106,0.00800467959792007,"I45FvsI47F","UP: REACTOME_METABOLISM_OF_CARBOHYDRATES",0.0369112933810877,0.00262469729780439,0.00605778089785653,"Mayo","UP: REACTOME_METABOLISM_OF_CARBOHYDRATES","(Reactome) Metabolism of carbohydrates"
"117","REACTOME: METABOLISM OF NON CODING RNA","DOWN",-0.124048253818432,0.0012752101553895,0.00523580811975615,"I45FvsI47F","DOWN: REACTOME_METABOLISM_OF_NON_CODING_RNA",-0.128737737385337,2.94752483336708e-07,2.0316169634937e-06,"Mayo","DOWN: REACTOME_METABOLISM_OF_NON_CODING_RNA","(Reactome) Metabolism of non-coding RNA"
"118","REACTOME: MICRORNA MIRNA BIOGENESIS","DOWN",-0.198276651098323,7.8511267110399e-05,0.00105149018451427,"I45FvsI47F","DOWN: REACTOME_MICRORNA_MIRNA_BIOGENESIS",-0.0998517349486603,0.000188923070692477,0.000576507514690445,"Mayo","DOWN: REACTOME_MICRORNA_MIRNA_BIOGENESIS","(Reactome) MicroRNA (miRNA) Biogenesis"
"119","REACTOME: MITOTIC G2 G2 M PHASES","DOWN",-0.142978195248253,0.000157227013839257,0.00147400325474304,"I45FvsI47F","DOWN: REACTOME_MITOTIC_G2_G2_M_PHASES",-0.124808003265672,1.84725587912583e-11,9.11312900368742e-10,"Mayo","DOWN: REACTOME_MITOTIC_G2_G2_M_PHASES","(Reactome) Mitotic G2-G2/M phases"
"120","REACTOME: MITOTIC M M G1 PHASES","DOWN",-0.131525715654759,0.000130548744222944,0.00136288458785384,"I45FvsI47F","DOWN: REACTOME_MITOTIC_M_M_G1_PHASES",-0.0839499171436079,6.52637857467459e-08,6.18314772553457e-07,"Mayo","DOWN: REACTOME_MITOTIC_M_M_G1_PHASES","(Reactome) Mitotic M-M/G1 phases"
"121","REACTOME: MITOTIC PROMETAPHASE","DOWN",-0.134889608767712,0.000881168569252028,0.00404618220574911,"I45FvsI47F","DOWN: REACTOME_MITOTIC_PROMETAPHASE",-0.0649644393679827,3.03949630304504e-05,0.000116464842161985,"Mayo","DOWN: REACTOME_MITOTIC_PROMETAPHASE","(Reactome) Mitotic Prometaphase"
"122","REACTOME: MRNA 3 END PROCESSING","DOWN",-0.295904436447607,8.67134996669458e-05,0.00109387892534461,"I45FvsI47F","DOWN: REACTOME_MRNA_3_END_PROCESSING",-0.0740310883166804,0.000109088347466578,0.000356797246962508,"Mayo","DOWN: REACTOME_MRNA_3_END_PROCESSING","(Reactome) mRNA 3'-end processing"
"123","REACTOME: MRNA CAPPING","DOWN",-0.135714791357273,0.000583998158885026,0.00320486794510075,"I45FvsI47F","DOWN: REACTOME_MRNA_CAPPING",-0.149922750345274,2.27395930797265e-10,6.90350723240927e-09,"Mayo","DOWN: REACTOME_MRNA_CAPPING","(Reactome) mRNA Capping"
"124","REACTOME: MRNA DECAY BY 3 TO 5 EXORIBONUCLEASE","DOWN",-0.212403750536953,6.31218785767714e-05,0.000934369913142998,"I45FvsI47F","DOWN: REACTOME_MRNA_DECAY_BY_3_TO_5_EXORIBONUCLEASE",-0.235280776815058,5.58119434536231e-08,5.42478950119049e-07,"Mayo","DOWN: REACTOME_MRNA_DECAY_BY_3_TO_5_EXORIBONUCLEASE","(Reactome) mRNA Decay by 3' to 5' Exoribonuclease"
"125","REACTOME: MRNA DECAY BY 5 TO 3 EXORIBONUCLEASE","DOWN",-0.276044994219828,0.000161297035047509,0.00147694582891677,"I45FvsI47F","DOWN: REACTOME_MRNA_DECAY_BY_5_TO_3_EXORIBONUCLEASE",-0.0800045952172526,0.000440571988001191,0.00121877858362946,"Mayo","DOWN: REACTOME_MRNA_DECAY_BY_5_TO_3_EXORIBONUCLEASE","(Reactome) mRNA Decay by 5' to 3' Exoribonuclease"
"126","REACTOME: MRNA PROCESSING","DOWN",-0.203088772770636,4.97477821691829e-05,0.000847973559701981,"I45FvsI47F","DOWN: REACTOME_MRNA_PROCESSING",-0.0867048728911615,4.89342540321348e-07,3.11495466527138e-06,"Mayo","DOWN: REACTOME_MRNA_PROCESSING","(Reactome) mRNA Processing"
"127","REACTOME: NEP NS2 INTERACTS WITH THE CELLULAR EXPORT MACHINERY","DOWN",-0.123006596174593,0.000839172485623652,0.00395007969174313,"I45FvsI47F","DOWN: REACTOME_NEP_NS2_INTERACTS_WITH_THE_CELLULAR_EXPORT_MACHINERY",-0.124579996807808,8.7702298578993e-07,5.14057037215484e-06,"Mayo","DOWN: REACTOME_NEP_NS2_INTERACTS_WITH_THE_CELLULAR_EXPORT_MACHINERY","(Reactome) NEP/NS2 Interacts with the Cellular Export Machinery"
"128","REACTOME: NUCLEOTIDE EXCISION REPAIR","DOWN",-0.166327365412643,0.00223503150854464,0.00741713996198443,"I45FvsI47F","DOWN: REACTOME_NUCLEOTIDE_EXCISION_REPAIR",-0.131758370514157,2.9872115047518e-08,3.21532583784193e-07,"Mayo","DOWN: REACTOME_NUCLEOTIDE_EXCISION_REPAIR","(Reactome) Nucleotide Excision Repair"
"129","REACTOME: O LINKED GLYCOSYLATION OF MUCINS","DOWN",-0.305858618584152,3.99078381177664e-05,0.000787654699692758,"I45FvsI47F","DOWN: REACTOME_O_LINKED_GLYCOSYLATION_OF_MUCINS",-0.083686711462631,2.5445235978581e-05,9.97588059557614e-05,"Mayo","DOWN: REACTOME_O_LINKED_GLYCOSYLATION_OF_MUCINS","(Reactome) O-linked glycosylation of mucins"
"130","REACTOME: PHOSPHORYLATION OF THE APC C","DOWN",-0.14363101663625,0.000132549426356544,0.00136347108783316,"I45FvsI47F","DOWN: REACTOME_PHOSPHORYLATION_OF_THE_APC_C",-0.148320254672425,1.57481292599226e-08,1.94226927539045e-07,"Mayo","DOWN: REACTOME_PHOSPHORYLATION_OF_THE_APC_C","(Reactome) Phosphorylation of the APC/C"
"131","REACTOME: PLATELET SENSITIZATION BY LDL","UP",0.124252422441136,0.00177201976017585,0.00643071687160592,"I45FvsI47F","UP: REACTOME_PLATELET_SENSITIZATION_BY_LDL",0.0754190923161594,0.000117921253601181,0.000381472033507644,"Mayo","UP: REACTOME_PLATELET_SENSITIZATION_BY_LDL","(Reactome) Platelet sensitization by LDL"
"132","REACTOME: POL SWITCHING","DOWN",-0.19358212227755,0.00013380685979318,0.00136347108783316,"I45FvsI47F","DOWN: REACTOME_POL_SWITCHING",-0.119120187788435,1.11072751807388e-06,6.32260279518976e-06,"Mayo","DOWN: REACTOME_POL_SWITCHING","(Reactome) Polymerase switching"
"133","REACTOME: PPARA ACTIVATES GENE EXPRESSION","UP",0.0995061908917428,0.00306342005610046,0.00931445287327842,"I45FvsI47F","UP: REACTOME_PPARA_ACTIVATES_GENE_EXPRESSION",0.0716725859076717,3.16886021444911e-08,3.38011756207905e-07,"Mayo","UP: REACTOME_PPARA_ACTIVATES_GENE_EXPRESSION","(Reactome) PPARA Activates Gene Expression"
"134","REACTOME: PROCESSING OF CAPPED INTRON CONTAINING PRE MRNA","DOWN",-0.221425572136684,5.53111106247326e-05,0.000901811586272815,"I45FvsI47F","DOWN: REACTOME_PROCESSING_OF_CAPPED_INTRON_CONTAINING_PRE_MRNA",-0.0696096605803276,0.000120264272872654,0.000386861568188146,"Mayo","DOWN: REACTOME_PROCESSING_OF_CAPPED_INTRON_CONTAINING_PRE_MRNA","(Reactome) Processing of Capped Intron-Containing Pre-mRNA"
"135","REACTOME: PROCESSING OF CAPPED INTRONLESS PRE MRNA","DOWN",-0.126655550349681,0.00075051256465435,0.00369813183892181,"I45FvsI47F","DOWN: REACTOME_PROCESSING_OF_CAPPED_INTRONLESS_PRE_MRNA",-0.0661164510894166,0.000253658564220499,0.00074709388068923,"Mayo","DOWN: REACTOME_PROCESSING_OF_CAPPED_INTRONLESS_PRE_MRNA","(Reactome) Processing of Capped Intronless Pre-mRNA"
"136","REACTOME: PROCESSING OF INTRONLESS PRE MRNAS","DOWN",-0.176165978540081,0.000182408305551758,0.0016031979980135,"I45FvsI47F","DOWN: REACTOME_PROCESSING_OF_INTRONLESS_PRE_MRNAS",-0.0655069496284975,0.00344590368753115,0.00780105156029997,"Mayo","DOWN: REACTOME_PROCESSING_OF_INTRONLESS_PRE_MRNAS","(Reactome) Processing of Intronless Pre-mRNAs"
"137","REACTOME: PROCESSIVE SYNTHESIS ON THE LAGGING STRAND","DOWN",-0.162242616955498,0.00139218612805995,0.00553430881295915,"I45FvsI47F","DOWN: REACTOME_PROCESSIVE_SYNTHESIS_ON_THE_LAGGING_STRAND",-0.119431587728725,7.16595728646493e-06,3.24562683560128e-05,"Mayo","DOWN: REACTOME_PROCESSIVE_SYNTHESIS_ON_THE_LAGGING_STRAND","(Reactome) Processive synthesis on the lagging strand"
"138","REACTOME: RECRUITMENT OF MITOTIC CENTROSOME PROTEINS AND COMPLEXES","DOWN",-0.171849811415999,6.13147357164636e-05,0.000934369913142998,"I45FvsI47F","DOWN: REACTOME_RECRUITMENT_OF_MITOTIC_CENTROSOME_PROTEINS_AND_COMPLEXES",-0.118364855386497,5.2544685197931e-09,8.2950543032467e-08,"Mayo","DOWN: REACTOME_RECRUITMENT_OF_MITOTIC_CENTROSOME_PROTEINS_AND_COMPLEXES","(Reactome) Recruitment of mitotic centrosome proteins and complexes"
"139","REACTOME: REGULATION OF GLUCOKINASE BY GLUCOKINASE REGULATORY PROTEIN","DOWN",-0.112207717437691,0.00157626019558071,0.0059911627307604,"I45FvsI47F","DOWN: REACTOME_REGULATION_OF_GLUCOKINASE_BY_GLUCOKINASE_REGULATORY_PROTEIN",-0.146964850052356,1.23167766099781e-07,1.00572851766994e-06,"Mayo","DOWN: REACTOME_REGULATION_OF_GLUCOKINASE_BY_GLUCOKINASE_REGULATORY_PROTEIN","(Reactome) Regulation of Glucokinase by Glucokinase Regulatory Protein"
"140","REACTOME: REGULATORY RNA PATHWAYS","DOWN",-0.254770885687558,3.11562139621618e-05,0.000742222857907549,"I45FvsI47F","DOWN: REACTOME_REGULATORY_RNA_PATHWAYS",-0.0991390751053824,0.0001451555919115,0.000457085693678767,"Mayo","DOWN: REACTOME_REGULATORY_RNA_PATHWAYS","(Reactome) Regulatory RNA pathways"
"141","REACTOME: REPAIR SYNTHESIS FOR GAP FILLING BY DNA POL IN TC NER","DOWN",-0.255377017947404,0.000144035751140485,0.0014090453915917,"I45FvsI47F","DOWN: REACTOME_REPAIR_SYNTHESIS_FOR_GAP_FILLING_BY_DNA_POL_IN_TC_NER",-0.0969946050021152,0.000222231019601785,0.000657803818021283,"Mayo","DOWN: REACTOME_REPAIR_SYNTHESIS_FOR_GAP_FILLING_BY_DNA_POL_IN_TC_NER","(Reactome) Repair synthesis for gap-filling by DNA polymerase in TC-NER"
"142","REACTOME: RESOLUTION OF AP SITES VIA THE MULTIPLE NUCLEOTIDE PATCH REPLACEMENT PATHWAY","DOWN",-0.203206416816716,0.000261046973300986,0.00204374092090778,"I45FvsI47F","DOWN: REACTOME_RESOLUTION_OF_AP_SITES_VIA_THE_MULTIPLE_NUCLEOTIDE_PATCH_REPLACEMENT_PATHWAY",-0.180645403332889,3.95760498672783e-08,4.07461243850935e-07,"Mayo","DOWN: REACTOME_RESOLUTION_OF_AP_SITES_VIA_THE_MULTIPLE_NUCLEOTIDE_PATCH_REPLACEMENT_PATHWAY","(Reactome) Resolution of AP sites via the multiple-nucleotide patch replacement pathway"
"143","REACTOME: RESOLUTION OF AP SITES VIA THE SINGLE NUCLEOTIDE REPLACEMENT PATHWAY","DOWN",-0.160453486746897,0.000447771295884417,0.00266481216097797,"I45FvsI47F","DOWN: REACTOME_RESOLUTION_OF_AP_SITES_VIA_THE_SINGLE_NUCLEOTIDE_REPLACEMENT_PATHWAY",-0.209520486241217,1.04588274373583e-07,8.84517977559444e-07,"Mayo","DOWN: REACTOME_RESOLUTION_OF_AP_SITES_VIA_THE_SINGLE_NUCLEOTIDE_REPLACEMENT_PATHWAY","(Reactome) Resolution of AP sites via the single-nucleotide replacement pathway"
"144","REACTOME: RNA POL I RNA POL III AND MITOCHONDRIAL TRANSCRIPTION","DOWN",-0.118753230027268,0.000321263967842136,0.00225888727389002,"I45FvsI47F","DOWN: REACTOME_RNA_POL_I_RNA_POL_III_AND_MITOCHONDRIAL_TRANSCRIPTION",-0.0917787574081557,5.96266468897742e-05,0.000211444819284043,"Mayo","DOWN: REACTOME_RNA_POL_I_RNA_POL_III_AND_MITOCHONDRIAL_TRANSCRIPTION","(Reactome) RNA Polymerase I, RNA Polymerase III, and Mitochondrial Transcription"
"145","REACTOME: RNA POL I TRANSCRIPTION INITIATION","DOWN",-0.165578180313535,0.000659719982813562,0.00340451825993237,"I45FvsI47F","DOWN: REACTOME_RNA_POL_I_TRANSCRIPTION_INITIATION",-0.140755806099514,1.14912083654609e-08,1.54608985280746e-07,"Mayo","DOWN: REACTOME_RNA_POL_I_TRANSCRIPTION_INITIATION","(Reactome) RNA Polymerase I Transcription Initiation"
"146","REACTOME: RNA POL I TRANSCRIPTION TERMINATION","DOWN",-0.118547191972198,0.000812724731360287,0.00387421746940815,"I45FvsI47F","DOWN: REACTOME_RNA_POL_I_TRANSCRIPTION_TERMINATION",-0.133475229310259,5.04863134105417e-08,4.98131625650678e-07,"Mayo","DOWN: REACTOME_RNA_POL_I_TRANSCRIPTION_TERMINATION","(Reactome) RNA Polymerase I Transcription Termination"
"147","REACTOME: RNA POL II PRE TRANSCRIPTION EVENTS","DOWN",-0.134254655571894,0.000604310673585872,0.00326850724896205,"I45FvsI47F","DOWN: REACTOME_RNA_POL_II_PRE_TRANSCRIPTION_EVENTS",-0.109539487359415,1.48663043663481e-09,3.0597646789865e-08,"Mayo","DOWN: REACTOME_RNA_POL_II_PRE_TRANSCRIPTION_EVENTS","(Reactome) RNA Polymerase II Pre-transcription Events"
"148","REACTOME: RNA POL II TRANSCRIPTION","DOWN",-0.17353796221891,8.38335656021124e-05,0.00108405472761352,"I45FvsI47F","DOWN: REACTOME_RNA_POL_II_TRANSCRIPTION",-0.10160787946639,1.4692401309454e-09,3.0597646789865e-08,"Mayo","DOWN: REACTOME_RNA_POL_II_TRANSCRIPTION","(Reactome) RNA Polymerase II Transcription"
"149","REACTOME: RNA POL III TRANSCRIPTION","DOWN",-0.122705933435405,0.00087414343009261,0.00403037442153355,"I45FvsI47F","DOWN: REACTOME_RNA_POL_III_TRANSCRIPTION",-0.128706726055481,1.82477409501872e-07,1.358825489624e-06,"Mayo","DOWN: REACTOME_RNA_POL_III_TRANSCRIPTION","(Reactome) RNA Polymerase III Transcription"
"150","REACTOME: RNA POL III TRANSCRIPTION INITIATION FROM TYPE 3 PROMOTER","DOWN",-0.10611913634713,0.00166399589889359,0.00615787956005029,"I45FvsI47F","DOWN: REACTOME_RNA_POL_III_TRANSCRIPTION_INITIATION_FROM_TYPE_3_PROMOTER",-0.153033006978388,2.48147806180265e-08,2.77176417469277e-07,"Mayo","DOWN: REACTOME_RNA_POL_III_TRANSCRIPTION_INITIATION_FROM_TYPE_3_PROMOTER","(Reactome) RNA Polymerase III Transcription Initiation From Type 3 Promoter"
"151","REACTOME: SHC1 EVENTS IN EGFR SIGNALING","UP",0.357909447706305,0.00131600503934346,0.00532024286603798,"I45FvsI47F","UP: REACTOME_SHC1_EVENTS_IN_EGFR_SIGNALING",0.095615985943823,1.09552678574511e-08,1.49092380956575e-07,"Mayo","UP: REACTOME_SHC1_EVENTS_IN_EGFR_SIGNALING","(Reactome) SHC1 events in EGFR signaling"
"152","REACTOME: SIGNALING BY CONSTITUTIVELY ACTIVE EGFR","UP",0.11409582808399,0.00230599339287014,0.00758214066965495,"I45FvsI47F","UP: REACTOME_SIGNALING_BY_CONSTITUTIVELY_ACTIVE_EGFR",0.107661351336152,3.15800624505383e-06,1.61864908837391e-05,"Mayo","UP: REACTOME_SIGNALING_BY_CONSTITUTIVELY_ACTIVE_EGFR","(Reactome) Signaling by constitutively active EGFR"
"153","REACTOME: SIGNALING BY ROBO RECEPTOR","DOWN",-0.116332917492016,0.00154472608787728,0.00591094166279573,"I45FvsI47F","DOWN: REACTOME_SIGNALING_BY_ROBO_RECEPTOR",-0.0463938684252307,0.00220556512977587,0.00519936021027902,"Mayo","DOWN: REACTOME_SIGNALING_BY_ROBO_RECEPTOR","(Reactome) Signaling by Robo receptor"
"154","REACTOME: SIGNALLING TO ERKS","UP",0.251455260021552,6.12185720364545e-06,0.000494172958876006,"I45FvsI47F","UP: REACTOME_SIGNALLING_TO_ERKS",0.0585045039435443,6.1569910470267e-05,0.000217608280587451,"Mayo","UP: REACTOME_SIGNALLING_TO_ERKS","(Reactome) Signalling to ERKs"
"155","REACTOME: SYNTHESIS OF GLYCOSYLPHOSPHATIDYLINOSITOL GPI","DOWN",-0.137519026627001,0.000632710913115208,0.00331428056852537,"I45FvsI47F","DOWN: REACTOME_SYNTHESIS_OF_GLYCOSYLPHOSPHATIDYLINOSITOL_GPI",-0.111537887370267,7.45509715117804e-05,0.000257507159234919,"Mayo","DOWN: REACTOME_SYNTHESIS_OF_GLYCOSYLPHOSPHATIDYLINOSITOL_GPI","(Reactome) Synthesis of glycosylphosphatidylinositol (GPI)"
"156","REACTOME: TRANSCRIPTION","DOWN",-0.154831392560746,0.000134529147332872,0.00136347108783316,"I45FvsI47F","DOWN: REACTOME_TRANSCRIPTION",-0.0872586020286032,1.71785312611578e-07,1.29550197536374e-06,"Mayo","DOWN: REACTOME_TRANSCRIPTION","(Reactome) Transcription"
"157","REACTOME: TRANSCRIPTION COUPLED NER TC NER","DOWN",-0.214295027999933,0.000165417932838678,0.00147694582891677,"I45FvsI47F","DOWN: REACTOME_TRANSCRIPTION_COUPLED_NER_TC_NER",-0.142752642218192,8.74447768951326e-10,1.95348331780824e-08,"Mayo","DOWN: REACTOME_TRANSCRIPTION_COUPLED_NER_TC_NER","(Reactome) Transcription-coupled NER (TC-NER)"
"158","REACTOME: TRANSPORT OF MATURE MRNA DERIVED FROM AN INTRONLESS TRANSCRIPT","DOWN",-0.175179262691587,0.000818823866087848,0.00388682214915118,"I45FvsI47F","DOWN: REACTOME_TRANSPORT_OF_MATURE_MRNA_DERIVED_FROM_AN_INTRONLESS_TRANSCRIPT",-0.144358556011967,7.93905345479742e-08,7.17544984006118e-07,"Mayo","DOWN: REACTOME_TRANSPORT_OF_MATURE_MRNA_DERIVED_FROM_AN_INTRONLESS_TRANSCRIPT","(Reactome) Transport of Mature mRNA Derived from an Intronless Transcript"
"159","REACTOME: TRANSPORT OF MATURE TRANSCRIPT TO CYTOPLASM","DOWN",-0.2486661124319,0.000274445020802258,0.00210031912607423,"I45FvsI47F","DOWN: REACTOME_TRANSPORT_OF_MATURE_TRANSCRIPT_TO_CYTOPLASM",-0.119017270913024,1.79801812109471e-07,1.34737560466844e-06,"Mayo","DOWN: REACTOME_TRANSPORT_OF_MATURE_TRANSCRIPT_TO_CYTOPLASM","(Reactome) Transport of Mature Transcript to Cytoplasm"
"160","REACTOME: TRANSPORT OF RIBONUCLEOPROTEINS INTO THE HOST NUCLEUS","DOWN",-0.114653938960205,0.00159811418546836,0.00599816253290683,"I45FvsI47F","DOWN: REACTOME_TRANSPORT_OF_RIBONUCLEOPROTEINS_INTO_THE_HOST_NUCLEUS",-0.13656763614131,8.19308817797969e-07,4.87468160941103e-06,"Mayo","DOWN: REACTOME_TRANSPORT_OF_RIBONUCLEOPROTEINS_INTO_THE_HOST_NUCLEUS","(Reactome) Transport of Ribonucleoproteins into the Host Nucleus"
"161","REACTOME: UNWINDING OF DNA","DOWN",-0.256619380517738,3.6460550562997e-05,0.000779135007510477,"I45FvsI47F","DOWN: REACTOME_UNWINDING_OF_DNA",-0.20379475108458,6.54484015247694e-09,1.0063754208484e-07,"Mayo","DOWN: REACTOME_UNWINDING_OF_DNA","(Reactome) Unwinding of DNA"
"162","REACTOME: YAP1 AND WWTR1 TAZ STIMULATED GENE EXPRESSION","UP",0.191417297050548,0.00139716665879997,0.00553455102517596,"I45FvsI47F","UP: REACTOME_YAP1_AND_WWTR1_TAZ_STIMULATED_GENE_EXPRESSION",0.273987907921212,6.03452584621949e-14,1.44719221916577e-11,"Mayo","UP: REACTOME_YAP1_AND_WWTR1_TAZ_STIMULATED_GENE_EXPRESSION","(Reactome) YAP1- and WWTR1 (TAZ)-stimulated gene expression"
"163","SA: G1 AND S PHASES","UP",0.386524256945138,0.000124671271959082,0.00133576362813303,"I45FvsI47F","UP: SA_G1_AND_S_PHASES",0.0955992601687112,0.00222370575898687,0.00522394368777868,"Mayo","UP: SA_G1_AND_S_PHASES","(SigmaAldrich) Cdk2, 4, and 6 bind cyclin D in G1, while cdk2/cyclin E promotes the G1/S transition."
"164","SA: TRKA RECEPTOR","UP",0.31052611390445,6.67300200684472e-05,0.000962999168766617,"I45FvsI47F","UP: SA_TRKA_RECEPTOR",0.148480041192703,1.57722212473839e-06,8.68572556135003e-06,"Mayo","UP: SA_TRKA_RECEPTOR","(SigmaAldrich) The TrkA receptor binds nerve growth factor to activate MAP kinase pathways and promote cell growth."
"165","ST: GA12 PATHWAY","DOWN",-0.203323194594125,5.94530745426975e-05,0.000934369913142998,"I45FvsI47F","DOWN: ST_GA12_PATHWAY",-0.145903315135059,8.01706671738914e-10,1.86121705752721e-08,"Mayo","DOWN: ST_GA12_PATHWAY","(STKE) G alpha 12 Pathway"
"166","ST: P38 MAPK PATHWAY","UP",0.122951430201609,0.000439247897608066,0.00265685141202579,"I45FvsI47F","UP: ST_P38_MAPK_PATHWAY",0.0610498870757871,0.000292694359287893,0.000847310810261285,"Mayo","UP: ST_P38_MAPK_PATHWAY","(STKE) p38 MAPK Pathway"
